-- Initial schema for SCU Web App
-- Based on db.md

CREATE TABLE users (
  id SERIAL PRIMARY KEY,
  username VARCHAR(50) NOT NULL UNIQUE,
  email VARCHAR(100) NOT NULL UNIQUE,
  password_hash VARCHAR(255) NOT NULL,
  role VARCHAR(50) NOT NULL, -- admin, operator, viewer
  created_at TIMESTAMP DEFAULT CURRENT_TIMESTAMP,
  updated_at TIMESTAMP DEFAULT CURRENT_TIMESTAMP
);

CREATE TABLE machine_master (
  kks VARCHAR(100) PRIMARY KEY,
  name VARCHAR(100) NOT NULL,
  unit VARCHAR(100) NOT NULL,
  plant VARCHAR(100) NOT NULL,
  created_at TIMESTAMP DEFAULT CURRENT_TIMESTAMP,
  updated_at TIMESTAMP DEFAULT CURRENT_TIMESTAMP
);

CREATE TABLE machine_config (
  kks VARCHAR(100) PRIMARY KEY REFERENCES machine_master(kks),
  measurement_point INT NOT NULL,
  measurement_interval INT NOT NULL,
  created_at TIMESTAMP DEFAULT CURRENT_TIMESTAMP,
  updated_at TIMESTAMP DEFAULT CURRENT_TIMESTAMP
);

CREATE TABLE machine_logs (
  id SERIAL PRIMARY KEY,
  user_id INTEGER REFERENCES users(id),
  kks VARCHAR(100) REFERENCES machine_config(kks),
  file_name VARCHAR(255) NOT NULL,
  measurement_type VARCHAR(100) NOT NULL,
  measurement_point INT,
  latitude DECIMAL(9,6),
  longitude DECIMAL(9,6),
  location VARCHAR(100),
  abnormal_case VARCHAR(255),
  created_at TIMESTAMP DEFAULT CURRENT_TIMESTAMP,
  UNIQUE(kks, file_name)
);

CREATE INDEX idx_machine_logs_kks ON machine_logs(kks);
CREATE INDEX idx_machine_logs_user_id ON machine_logs(user_id);

CREATE TABLE ml_methods (
  id SERIAL PRIMARY KEY,
  name VARCHAR(100) NOT NULL UNIQUE, -- CNN, SVM, Autoencoder
  description TEXT
);

CREATE TABLE ml_models (
  id SERIAL PRIMARY KEY,
  kks VARCHAR(100) REFERENCES machine_config(kks),
  measurement_point INT,
  measurement_type VARCHAR(100), -- vibration, sound
  method_id INTEGER REFERENCES ml_methods(id),
  name VARCHAR(255) NOT NULL, -- project/model name
  version INT NOT NULL DEFAULT 1,
  alert_threshold DECIMAL DEFAULT 1000000, -- 1e6
  model_path VARCHAR(500) NOT NULL, -- MinIO path
  status VARCHAR(50) DEFAULT 'completed', -- training, completed, failed, active, archived
  training_metrics JSONB, -- MSE, Loss, etc.
  parameters JSONB, -- Hyperparameters
  is_active BOOLEAN DEFAULT FALSE,
  created_at TIMESTAMP DEFAULT CURRENT_TIMESTAMP,
  updated_at TIMESTAMP DEFAULT CURRENT_TIMESTAMP,
  UNIQUE(kks, measurement_type, measurement_point, method_id, name, version)
);

CREATE INDEX idx_ml_models_kks ON ml_models(kks);
CREATE INDEX idx_ml_models_method_id ON ml_models(method_id);

CREATE TABLE alert_logs (
  id SERIAL PRIMARY KEY,
  machine_log_id INTEGER REFERENCES machine_logs(id),
  kks VARCHAR(100) REFERENCES machine_config(kks),
  measurement_point INT NOT NULL,
  model_name VARCHAR(100) NOT NULL,
  measurement_type VARCHAR(50),
  is_anomaly BOOLEAN DEFAULT FALSE,
  abnormal_case VARCHAR(255),
  percent_match DECIMAL(5, 2),
  details JSONB,
  created_at TIMESTAMP DEFAULT CURRENT_TIMESTAMP,
  updated_at TIMESTAMP DEFAULT CURRENT_TIMESTAMP,
  UNIQUE(kks, measurement_point)
);

CREATE TABLE devices (
  id SERIAL PRIMARY KEY,
    device_name VARCHAR(255) NOT NULL,
    device_gain_vibration DECIMAL(10, 3) DEFAULT 1.000,
    device_gain_sound DECIMAL(10, 3) DEFAULT 1.000,
    created_at TIMESTAMP WITH TIME ZONE DEFAULT CURRENT_TIMESTAMP,
  updated_at TIMESTAMP DEFAULT CURRENT_TIMESTAMP
);

-- Basic triggers for updated_at (optional but good practice)
CREATE OR REPLACE FUNCTION update_updated_at_column()
RETURNS TRIGGER AS $$
BEGIN
    NEW.updated_at = CURRENT_TIMESTAMP;
    RETURN NEW;
END;
$$ language 'plpgsql';

CREATE TRIGGER update_users_updated_at BEFORE UPDATE ON users FOR EACH ROW EXECUTE PROCEDURE update_updated_at_column();
CREATE TRIGGER update_machine_master_updated_at BEFORE UPDATE ON machine_master FOR EACH ROW EXECUTE PROCEDURE update_updated_at_column();
CREATE TRIGGER update_machine_config_updated_at BEFORE UPDATE ON machine_config FOR EACH ROW EXECUTE PROCEDURE update_updated_at_column();
CREATE TRIGGER update_alert_logs_updated_at BEFORE UPDATE ON alert_logs FOR EACH ROW EXECUTE PROCEDURE update_updated_at_column();
CREATE TRIGGER update_devices_updated_at BEFORE UPDATE ON devices FOR EACH ROW EXECUTE PROCEDURE update_updated_at_column();

-- Seed data for ml_methods
INSERT INTO ml_methods (name, description) VALUES 
('AE', 'Autoencoder for unsupervised anomaly detection'),
('PCA', 'Principal Component Analysis for anomaly detection'),
('VAE', 'Variational Autoencoder for anomaly detection');

-- Seed data for default admin user (password: password)
INSERT INTO users (username, email, password_hash, role) VALUES 
('admin', 'admin@egat.co.th', '$2a$10$Dv6Wd4aroyE1K4rW3I41Bek5PzddyPkZueeJ9NV9bqnoLPL9WuGqu', 'admin');

-- Seed data for machines from Excel
INSERT INTO machine_master (kks, name, unit, plant) VALUES
('MMP-T00HTJ06AN001', 'Dust Collector Fan', 'Common', 'Mae Moh Power Plant'),
('MMP-T00HTK24AP001', 'CMN. Reagent Feed Pump#1', 'Common', 'Mae Moh Power Plant'),
('MMP-T00HTK26AP001', 'CMN. Reagent Feed Pump#2', 'Common', 'Mae Moh Power Plant'),
('MMP-T00HTK31AP010', 'WBM.Low Pressure Oil Pump', 'Common', 'Mae Moh Power Plant'),
('MMP-T00HTK31AP011', 'High Pressure Oil Pump', 'Common', 'Mae Moh Power Plant'),
('MMP-T00HTK35AP001', 'Mill Recycle Pump No.1', 'Common', 'Mae Moh Power Plant'),
('MMP-T00HTK37AP001', 'Mill Recycle Pump No.2', 'Common', 'Mae Moh Power Plant'),
('MMP-T00HTQ16AP001', 'Recaim.WTR Distributing Pump #1', 'Common', 'Mae Moh Power Plant'),
('MMP-T00HTQ17AP001', 'Recaim.WTR Distributing Pump #2', 'Common', 'Mae Moh Power Plant'),
('MMP-T00HTQ18AP001', 'Recaim.WTR Distributing Pump #3', 'Common', 'Mae Moh Power Plant'),
('MMP-T00HTQ19AP001', 'Recaim.WTR Distributing Pump #3', 'Common', 'Mae Moh Power Plant'),
('MMP-T00HTQ20AP001', 'Blow Down 12-13 Pump#1 Unit', 'Common', 'Mae Moh Power Plant'),
('MMP-T00HTQ21AP001', 'Blow Down 12-13 Pump#2 Unit', 'Common', 'Mae Moh Power Plant'),
('MMP-T00HTQ22AP001', 'Reclaim.Buffer Pump #1', 'Common', 'Mae Moh Power Plant'),
('MMP-T00HTQ24AP001', 'Reclaim.Buffer Pump #2', 'Common', 'Mae Moh Power Plant'),
('MMP-T14BAA20AN001', 'H2 Ventilation fan no.1', 'Unit 14', 'Mae Moh Power Plant'),
('MMP-T14BAA20AN002', 'H2 Ventilation fan no.2', 'Unit 14', 'Mae Moh Power Plant'),
('MMP-T14BAT11AN701', 'GSUT. Ph A Cooling Fan No.1-10', 'Unit 14', 'Mae Moh Power Plant'),
('MMP-T14BAT11AP001', 'GSUT. Ph A Oil Cir.Pump No.1-4', 'Unit 14', 'Mae Moh Power Plant'),
('MMP-T14BAT12AN701', 'GSUT. Ph B Cooling Fan No.1-10', 'Unit 14', 'Mae Moh Power Plant'),
('MMP-T14BAT12AP001', 'GSUT. Ph B Oil Cir.Pump 1-4', 'Unit 14', 'Mae Moh Power Plant'),
('MMP-T14BAT13AN701', 'GSUT. Ph C Cooling Fan No.1-10', 'Unit 14', 'Mae Moh Power Plant'),
('MMP-T14BAT13AP001', 'GSUT. Ph C Oil Cir.Pump No.1-4', 'Unit 14', 'Mae Moh Power Plant'),
('MMP-T14BBT10AN001', 'UAT.Cooling Fan No.1-12', 'Unit 14', 'Mae Moh Power Plant'),
('MMP-T14BCT10AN700', 'SST.1 Cooling Fan No.1-8', 'Unit 14', 'Mae Moh Power Plant'),
('MMP-T14BCT20AN700', 'SST.2 Cooling Fan No.1-8', 'Unit 14', 'Mae Moh Power Plant'),
('MMP-T14BHH08AN104', 'C46 VENT FAN AT NEW CROSS CB', 'Unit 14', 'Mae Moh Power Plant'),
('MMP-T14BHH08AN105', 'C46 VENT FAN AT TRANSFER STATION 2', 'Unit 14', 'Mae Moh Power Plant'),
('MMP-T14EBE01AN001', 'Dust Coll.Sys.1 Fan Unit', 'Unit 14', 'Mae Moh Power Plant'),
('MMP-T14EBE02AN001', 'Dust Coll.Sys.2 Fan Unit', 'Unit 14', 'Mae Moh Power Plant'),
('MMP-T14EBE03AN001', 'Dust Coll.Sys.3 Fan Unit', 'Unit 14', 'Mae Moh Power Plant'),
('MMP-T14EBE04AN001', 'Dust Coll.Sys.4 Fan Unit', 'Unit 14', 'Mae Moh Power Plant'),
('MMP-T14EBE05AN001', 'Dust Coll.Sys.5 Fan Unit', 'Unit 14', 'Mae Moh Power Plant'),
('MMP-T14EBE06AN001', 'Dust Coll.Sys.6 Fan Unit', 'Unit 14', 'Mae Moh Power Plant'),
('MMP-T14EBE07AN001', 'Dust Coll.Sys.7 Fan Unit', 'Unit 14', 'Mae Moh Power Plant'),
('MMP-T14EGC31AP001', 'HP.Boiler Fuel Oil Pump A Unit', 'Unit 14', 'Mae Moh Power Plant'),
('MMP-T14EGC32AP001', 'HP.Boiler Fuel Oil Pump B Unit', 'Unit 14', 'Mae Moh Power Plant'),
('MMP-T14EGC33AP001', 'HP.Boiler Fuel Oil Pump C Unit', 'Unit 14', 'Mae Moh Power Plant'),
('MMP-T14EGC41AP001', 'Fuel Oil Transfer Pump A Unit', 'Unit 14', 'Mae Moh Power Plant'),
('MMP-T14EGC42AP001', 'Fuel Oil Transfer Pump B Unit', 'Unit 14', 'Mae Moh Power Plant'),
('MMP-T14ETG72AN001', 'Fluidzed Conveyor Fan', 'Unit 14', 'Mae Moh Power Plant'),
('MMP-T14ETG73AN001', 'Telescopic Spout Vent Fan Equipment', 'Unit 14', 'Mae Moh Power Plant'),
('MMP-T14ETG76AN006', 'Pugmill Unloader A', 'Unit 14', 'Mae Moh Power Plant'),
('MMP-T14ETG81AN001', 'Pugmil Unloader 2', 'Unit 14', 'Mae Moh Power Plant'),
('MMP-T14ETP72AN001', 'Fly Ash Silo Fluidizing Conveyor Fan', 'Unit 14', 'Mae Moh Power Plant'),
('MMP-T14ETP91AN001', 'Fly Ash Silo Fluid.Blwr.1 Manchine', 'Unit 14', 'Mae Moh Power Plant'),
('MMP-T14ETP91AN011', 'Fly Ash Silo Fluid.Blwr.1 Sound Vent', 'Unit 14', 'Mae Moh Power Plant'),
('MMP-T14ETP92AN001', 'Fly Ash Silo Fluid.Blwr.2 Manchine', 'Unit 14', 'Mae Moh Power Plant'),
('MMP-T14ETP92AN011', 'Fly Ash Silo Fluid.Blwr.2 Sound Vent', 'Unit 14', 'Mae Moh Power Plant'),
('MMP-T14GAF11AP001', 'Service Water Pump Unit A', 'Unit 14', 'Mae Moh Power Plant'),
('MMP-T14GAF12AP001', 'Service Water Pump Unit B', 'Unit 14', 'Mae Moh Power Plant'),
('MMP-T14GAF21AP001', 'WFGD.Raw Water Pump#1 Unit', 'Unit 14', 'Mae Moh Power Plant'),
('MMP-T14GAF22AP001', 'WFGD.Raw Water Pump#2 Unit', 'Unit 14', 'Mae Moh Power Plant'),
('MMP-T14GAF51AP001', 'UF. Feed Pump Unit A1', 'Unit 14', 'Mae Moh Power Plant'),
('MMP-T14GAF52AP001', 'UF. Feed Pump Unit A2', 'Unit 14', 'Mae Moh Power Plant'),
('MMP-T14GAF53AP001', 'UF. Feed Pump Unit B1', 'Unit 14', 'Mae Moh Power Plant'),
('MMP-T14GAF54AP001', 'UF. Feed Pump Unit B2', 'Unit 14', 'Mae Moh Power Plant'),
('MMP-T14GBB11AP001', 'Filtration Booster Pump A', 'Unit 14', 'Mae Moh Power Plant'),
('MMP-T14GBB12AP001', 'Filtration Booster Pump B', 'Unit 14', 'Mae Moh Power Plant'),
('MMP-T14GBB51AP001', 'Filtering Vacuum Pump Unit', 'Unit 14', 'Mae Moh Power Plant'),
('MMP-T14GCK11AP001', 'RO. Feed Pump Unit A1', 'Unit 14', 'Mae Moh Power Plant'),
('MMP-T14GCK12AP001', 'RO. Feed Pump Unit A2', 'Unit 14', 'Mae Moh Power Plant'),
('MMP-T14GCK13AP001', 'RO. Feed Pump Unit B1', 'Unit 14', 'Mae Moh Power Plant'),
('MMP-T14GCK14AP001', 'RO. Feed Pump Unit B2', 'Unit 14', 'Mae Moh Power Plant'),
('MMP-T14GCK15AP001', 'UF. Backwash Pump Unit A', 'Unit 14', 'Mae Moh Power Plant'),
('MMP-T14GCK16AP001', 'UF. Backwash Pump Unit B', 'Unit 14', 'Mae Moh Power Plant'),
('MMP-T14GCK21AP001', '1ST. Pass RO. Booster Pump Unit A1', 'Unit 14', 'Mae Moh Power Plant'),
('MMP-T14GCK22AP001', '1ST. Pass RO. Booster Pump Unit A2', 'Unit 14', 'Mae Moh Power Plant'),
('MMP-T14GCK23AP001', '1ST. Pass RO. Booster Pump Unit B1', 'Unit 14', 'Mae Moh Power Plant'),
('MMP-T14GCK24AP001', '1ST. Pass RO. Booster Pump Unit B2', 'Unit 14', 'Mae Moh Power Plant'),
('MMP-T14GCK31AP001', '2ND. Pass RO. Booster Pump Unit A1', 'Unit 14', 'Mae Moh Power Plant'),
('MMP-T14GCK32AP001', '2ND. Pass RO. Booster Pump Unit A2', 'Unit 14', 'Mae Moh Power Plant'),
('MMP-T14GCK41AP001', '2ND. Pass RO. Booster Pump Unit B1', 'Unit 14', 'Mae Moh Power Plant'),
('MMP-T14GCK42AP001', '2ND. Pass RO. Booster Pump Unit B2', 'Unit 14', 'Mae Moh Power Plant'),
('MMP-T14GCK51AP001', 'CEDI. Feed Pump Unit A1', 'Unit 14', 'Mae Moh Power Plant'),
('MMP-T14GCK52AP001', 'CEDI. Feed Pump Unit A2', 'Unit 14', 'Mae Moh Power Plant'),
('MMP-T14GCK53AP001', 'CEDI. Feed Pump Unit B1', 'Unit 14', 'Mae Moh Power Plant'),
('MMP-T14GCK54AP001', 'CEDI. Feed Pump Unit B2', 'Unit 14', 'Mae Moh Power Plant'),
('MMP-T14GCK61AP001', 'CEDI. Booster Pump Unit A', 'Unit 14', 'Mae Moh Power Plant'),
('MMP-T14GCK62AP001', 'CEDI. Booster Pump Unit B', 'Unit 14', 'Mae Moh Power Plant'),
('MMP-T14GCK63AP001', 'CEDI. Booster Pump Unit C', 'Unit 14', 'Mae Moh Power Plant'),
('MMP-T14GCN11AP001', 'UF. NaClO Feed Pump Unit A', 'Unit 14', 'Mae Moh Power Plant'),
('MMP-T14GCN12AP001', 'UF. NaClO Feed Pump Unit B', 'Unit 14', 'Mae Moh Power Plant'),
('MMP-T14GCN13AP001', 'UF. CEB./CIP. NaClO Pump Unit A', 'Unit 14', 'Mae Moh Power Plant'),
('MMP-T14GCN14AP001', 'UF. CEB./CIP. NaClO Pump Unit B', 'Unit 14', 'Mae Moh Power Plant'),
('MMP-T14GCN20AP001', 'SBS. Handy Pump Unit', 'Unit 14', 'Mae Moh Power Plant'),
('MMP-T14GCN21AP001', 'SBS. Feed Pump Unit A', 'Unit 14', 'Mae Moh Power Plant'),
('MMP-T14GCN22AP001', 'SBS. Feed Pump Unit B', 'Unit 14', 'Mae Moh Power Plant'),
('MMP-T14GCN23AP001', 'SBS. Feed Pump Unit C', 'Unit 14', 'Mae Moh Power Plant'),
('MMP-T14GCN31AP001', 'UF. Citric Acid Pump Unit A', 'Unit 14', 'Mae Moh Power Plant'),
('MMP-T14GCN32AP001', 'UF. Citric Acid Pump Unit B', 'Unit 14', 'Mae Moh Power Plant'),
('MMP-T14GCN40AP001', 'Antiscalant Handy Pump Unit', 'Unit 14', 'Mae Moh Power Plant'),
('MMP-T14GCN41AP001', 'Antiscalant Pump Unit A', 'Unit 14', 'Mae Moh Power Plant'),
('MMP-T14GCN42AP001', 'Antiscalant Pump Unit B', 'Unit 14', 'Mae Moh Power Plant'),
('MMP-T14GCN43AP001', 'Antiscalant Pump Unit C', 'Unit 14', 'Mae Moh Power Plant'),
('MMP-T14GCN51AP001', 'UF. CIP. NaOH Pump Unit A', 'Unit 14', 'Mae Moh Power Plant'),
('MMP-T14GCN52AP001', 'UF. CIP. NaOH Pump Unit B', 'Unit 14', 'Mae Moh Power Plant'),
('MMP-T14GCN53AP001', 'RO./CEDI. CIP. NaOH Pump Unit A', 'Unit 14', 'Mae Moh Power Plant'),
('MMP-T14GCN54AP001', 'RO./CEDI. CIP. NaOH Pump Unit B', 'Unit 14', 'Mae Moh Power Plant'),
('MMP-T14GCN55AP001', 'Neutralization NaOH Pump Unit A', 'Unit 14', 'Mae Moh Power Plant'),
('MMP-T14GCN56AP001', 'Neutralization NaOH Pump Unit B', 'Unit 14', 'Mae Moh Power Plant'),
('MMP-T14GCN61AP001', 'RO./CEDI. CIP. HCl Pump Unit A', 'Unit 14', 'Mae Moh Power Plant'),
('MMP-T14GCN62AP001', 'RO./CEDI. CIP. HCl Pump Unit B', 'Unit 14', 'Mae Moh Power Plant'),
('MMP-T14GCN63AP001', 'Neutralization HCl Pump Unit A', 'Unit 14', 'Mae Moh Power Plant'),
('MMP-T14GCN64AP001', 'Neutralization HCl Pump Unit B', 'Unit 14', 'Mae Moh Power Plant'),
('MMP-T14GCN71AP001', 'UF. CIP. Pump Unit A', 'Unit 14', 'Mae Moh Power Plant'),
('MMP-T14GCN72AP001', 'UF. CIP. Pump Unit B', 'Unit 14', 'Mae Moh Power Plant'),
('MMP-T14GCN81AP001', 'RO./CEDI. CIP. Pump Unit A', 'Unit 14', 'Mae Moh Power Plant'),
('MMP-T14GCN82AP001', 'RO./CEDI. CIP. Pump Unit B', 'Unit 14', 'Mae Moh Power Plant'),
('MMP-T14GCR11AP001', 'Neutralization Pump Unit A', 'Unit 14', 'Mae Moh Power Plant'),
('MMP-T14GCR12AP001', 'Neutralization Pump Unit B', 'Unit 14', 'Mae Moh Power Plant'),
('MMP-T14GCR21AP001', 'Reject Water Pump Unit A', 'Unit 14', 'Mae Moh Power Plant'),
('MMP-T14GCR22AP001', 'Reject Water Pump Unit B', 'Unit 14', 'Mae Moh Power Plant'),
('MMP-T14GCY31AN001', 'Regenerative Blower Unit A1', 'Unit 14', 'Mae Moh Power Plant'),
('MMP-T14GCY31AN002', 'Regenerative Blower Unit A2', 'Unit 14', 'Mae Moh Power Plant'),
('MMP-T14GCY32AN001', 'Regenerative Blower Unit B1', 'Unit 14', 'Mae Moh Power Plant'),
('MMP-T14GCY32AN002', 'Regenerative Blower Unit B2', 'Unit 14', 'Mae Moh Power Plant'),
('MMP-T14GHA21AP001', 'Service Water Distribution Pump 1', 'Unit 14', 'Mae Moh Power Plant'),
('MMP-T14GHA22AP001', 'Service Water Distribution Pump 2', 'Unit 14', 'Mae Moh Power Plant'),
('MMP-T14GHA23AP001', 'Service Water Air Heater Wash Pump', 'Unit 14', 'Mae Moh Power Plant'),
('MMP-T14GHC31AP001', 'Demin.Water Distribution Pump 1', 'Unit 14', 'Mae Moh Power Plant'),
('MMP-T14GHC32AP001', 'Demin.Water Distribution Pump 2', 'Unit 14', 'Mae Moh Power Plant'),
('MMP-T14GHC41AP001', 'Demin.Water Quick Mu.Pump', 'Unit 14', 'Mae Moh Power Plant'),
('MMP-T14GHH10AP001', 'Service Water Booster Pump A Unit', 'Unit 14', 'Mae Moh Power Plant'),
('MMP-T14GHH10AP002', 'Service Water Booster Pump B Unit', 'Unit 14', 'Mae Moh Power Plant'),
('MMP-T14GKB01AP001', 'Safety Shower AIG.Booster Pmp.A Unit', 'Unit 14', 'Mae Moh Power Plant'),
('MMP-T14GKB01AP002', 'Safety Shower AIG.Booster Pmp.B Unit', 'Unit 14', 'Mae Moh Power Plant'),
('MMP-T14GKC21AP001', 'Drinking Water Distribution Pump 1 Unit', 'Unit 14', 'Mae Moh Power Plant'),
('MMP-T14GKC22AP001', 'Drinking Water Distribution Pump 2 Unit', 'Unit 14', 'Mae Moh Power Plant'),
('MMP-T14GKT15AP011', 'SRS Filter Press HP FLHSG Pump', 'Unit 14', 'Mae Moh Power Plant'),
('MMP-T14GMA21AP001', 'Used Water Pump 1', 'Unit 14', 'Mae Moh Power Plant'),
('MMP-T14GMA22AP001', 'Used Water Pump 2', 'Unit 14', 'Mae Moh Power Plant'),
('MMP-T14GMA42AP001', 'TB.Hall Waste Wtr.Pit Pump 42', 'Unit 14', 'Mae Moh Power Plant'),
('MMP-T14GMA43AP001', 'TB.Hall Waste Wtr.Pit Pump 43', 'Unit 14', 'Mae Moh Power Plant'),
('MMP-T14GMA52AP001', 'TB.Hall Cold Drn.Pit Pump 52', 'Unit 14', 'Mae Moh Power Plant'),
('MMP-T14GMA53AP001', 'TB.Hall Cold Drn.Pit Pump 53', 'Unit 14', 'Mae Moh Power Plant'),
('MMP-T14GMA62AP001', 'TB.Hall Oily Water Pit Pump 62', 'Unit 14', 'Mae Moh Power Plant'),
('MMP-T14GMA63AP001', 'TB.Hall Oily Water Pit Pump 63', 'Unit 14', 'Mae Moh Power Plant'),
('MMP-T14GMA72AP001', 'TB.Hall Owr.Pit Pump 72', 'Unit 14', 'Mae Moh Power Plant'),
('MMP-T14GMA73AP001', 'TB.Hall Owr.Pit Pump 73', 'Unit 14', 'Mae Moh Power Plant'),
('MMP-T14GMC41AP001', 'Oil Water Separator GMC41 Pump 1 Unit', 'Unit 14', 'Mae Moh Power Plant'),
('MMP-T14GMC41AP002', 'Oil Water Separator GMC41 Pump 2 Unit', 'Unit 14', 'Mae Moh Power Plant'),
('MMP-T14GMC42AP001', 'Oil Water Separator GMC42 Pump 1 Unit', 'Unit 14', 'Mae Moh Power Plant'),
('MMP-T14GMC42AP002', 'Oil Water Separator GMC42 Pump 2 Unit', 'Unit 14', 'Mae Moh Power Plant'),
('MMP-T14GMC61AP001', 'FGD Oily Waste Sump Pump 1', 'Unit 14', 'Mae Moh Power Plant'),
('MMP-T14GMC61AP002', 'FGD Oily Waste Sump Pump 2', 'Unit 14', 'Mae Moh Power Plant'),
('MMP-T14GMC62AP001', 'Boiler Oily Waste Sump Pump 1', 'Unit 14', 'Mae Moh Power Plant'),
('MMP-T14GMC62AP002', 'Boiler Oily Waste Sump Pump 2', 'Unit 14', 'Mae Moh Power Plant'),
('MMP-T14GMC63AP001', 'Fly Ash Comp.Waste Sump Pump 1', 'Unit 14', 'Mae Moh Power Plant'),
('MMP-T14GMC63AP002', 'Fly Ash Comp.Waste Sump Pump 2', 'Unit 14', 'Mae Moh Power Plant'),
('MMP-T14GMC64AP001', 'Demi.Plt.Oily Waste Sump Pump 1', 'Unit 14', 'Mae Moh Power Plant'),
('MMP-T14GMC64AP002', 'Demi.Plt.Oily Waste Sump Pump 2', 'Unit 14', 'Mae Moh Power Plant'),
('MMP-T14GMH11AP001', 'Boiler Rear Area Drain Pump A Unit', 'Unit 14', 'Mae Moh Power Plant'),
('MMP-T14GMH12AP001', 'Boiler Rear Area Drain Pump B Unit', 'Unit 14', 'Mae Moh Power Plant'),
('MMP-T14GMH21AP001', 'APH.Wash Pond Pit Pump A Unit', 'Unit 14', 'Mae Moh Power Plant'),
('MMP-T14GMH22AP001', 'APH.Wash Pond Pit Pump B Unit', 'Unit 14', 'Mae Moh Power Plant'),
('MMP-T14GMH31AP001', 'NH3 Sump Pit Pump A Unit', 'Unit 14', 'Mae Moh Power Plant'),
('MMP-T14GMH32AP001', 'NH3 Sump Pit Pump B Unit', 'Unit 14', 'Mae Moh Power Plant'),
('MMP-T14GNN11AP001', 'CW.Inhibitor Drum Pump', 'Unit 14', 'Mae Moh Power Plant'),
('MMP-T14GNN21AP001', 'CW.Inhibitor Feed Pump A', 'Unit 14', 'Mae Moh Power Plant'),
('MMP-T14GNN22AP001', 'CW.Inhibitor Feed Pump B', 'Unit 14', 'Mae Moh Power Plant'),
('MMP-T14GNN23AP001', 'Neutralization Acid Feed Pump A Unit', 'Unit 14', 'Mae Moh Power Plant'),
('MMP-T14GNN23AP002', 'Neutralization Acid Feed Pump B Unit', 'Unit 14', 'Mae Moh Power Plant'),
('MMP-T14GNN24AP001', 'Neutralization Caustic Feed Pump A Unit', 'Unit 14', 'Mae Moh Power Plant'),
('MMP-T14GNN24AP002', 'Neutralization Caustic Feed Pump B Unit', 'Unit 14', 'Mae Moh Power Plant'),
('MMP-T14GNN41AP001', 'Neutralization Pump A Unit', 'Unit 14', 'Mae Moh Power Plant'),
('MMP-T14GNN41AP002', 'Neutralization Pump B Unit', 'Unit 14', 'Mae Moh Power Plant'),
('MMP-T14GNN51AP001', 'CW Acid Feed A', 'Unit 14', 'Mae Moh Power Plant'),
('MMP-T14GNN52AP001', 'CW Acid Feed B', 'Unit 14', 'Mae Moh Power Plant'),
('MMP-T14GNN53AP001', 'CW.Neu.Acid Feed Pump A', 'Unit 14', 'Mae Moh Power Plant'),
('MMP-T14GNN54AP001', 'CW.Acid Feed Pump B', 'Unit 14', 'Mae Moh Power Plant'),
('MMP-T14GQA31AP001', 'Demin Build Sump Pumps#1 Unit', 'Unit 14', 'Mae Moh Power Plant'),
('MMP-T14GQA31AP002', 'Demin Build Sump Pumps#2 Unit', 'Unit 14', 'Mae Moh Power Plant'),
('MMP-T14GQA32AP001', 'TB Build Toilets Sump Pumps#1 Unit', 'Unit 14', 'Mae Moh Power Plant'),
('MMP-T14GQA32AP002', 'TB Build Toilets Sump Pumps#2 Unit', 'Unit 14', 'Mae Moh Power Plant'),
('MMP-T14GQA33AP001', 'Guard House Sump Pumps#1 Unit', 'Unit 14', 'Mae Moh Power Plant'),
('MMP-T14GQA33AP002', 'Guard House Sump Pumps#2 Unit', 'Unit 14', 'Mae Moh Power Plant'),
('MMP-T14GQA34AP001', 'Elec Main Ctrl Build Sump Pumps#1 Unit', 'Unit 14', 'Mae Moh Power Plant'),
('MMP-T14GQA34AP002', 'Elec Main Ctrl Build Sump Pumps#2 Unit', 'Unit 14', 'Mae Moh Power Plant'),
('MMP-T14GQA35AP001', 'WFGD Service Build Sump Pumps#1 Unit', 'Unit 14', 'Mae Moh Power Plant'),
('MMP-T14GQA35AP002', 'WFGD Service Build Sump Pumps#2 Unit', 'Unit 14', 'Mae Moh Power Plant'),
('MMP-T14GQA36AP001', 'CW Treat Filtr Build Sump Pumps#1 Unit', 'Unit 14', 'Mae Moh Power Plant'),
('MMP-T14GQA36AP002', 'CW Treat Filtr Build Sump Pumps#2 Unit', 'Unit 14', 'Mae Moh Power Plant'),
('MMP-T14HAG15AP001', 'Boiler Startup Economizer Pump 1 Unit', 'Unit 14', 'Mae Moh Power Plant'),
('MMP-T14HAG15AP002', 'Boiler Startup Economizer Pump 2 Unit', 'Unit 14', 'Mae Moh Power Plant'),
('MMP-T14HAG15AP003', 'Boiler Economizer Cooling Pump Unit', 'Unit 14', 'Mae Moh Power Plant'),
('MMP-T14HAG25AP001', 'Boiler Water Circulating Pump Unit', 'Unit 14', 'Mae Moh Power Plant'),
('MMP-T14HAN10BR101', 'Safety Valve Drn.Pipe Han10Br101', 'Unit 14', 'Mae Moh Power Plant'),
('MMP-T14HAN30BR207', 'Safety Valve Drn.Pipe Han30Br207', 'Unit 14', 'Mae Moh Power Plant'),
('MMP-T14HCC02AP001', 'Water Cannon Water Supply Pump A Unit', 'Unit 14', 'Mae Moh Power Plant'),
('MMP-T14HCC03AP001', 'Water Cannon Water Supply Pump B Unit', 'Unit 14', 'Mae Moh Power Plant'),
('MMP-T14HCC11AN001', 'WC.Front Wall Lwr.Seal Air Fan Unit', 'Unit 14', 'Mae Moh Power Plant'),
('MMP-T14HCC12AN001', 'WC.Front Wall Upr.Seal Air Fan Unit', 'Unit 14', 'Mae Moh Power Plant'),
('MMP-T14HCC13AN001', 'WC Fornt Vartical Wall', 'Unit 14', 'Mae Moh Power Plant'),
('MMP-T14HCC21AN001', 'WC.Left Wall Upr.Seal Air Fan Unit', 'Unit 14', 'Mae Moh Power Plant'),
('MMP-T14HCC22AN001', 'WC Lift Vartical Wall', 'Unit 14', 'Mae Moh Power Plant'),
('MMP-T14HCC31AN001', 'WC.Rear Wall Lwr.Seal Air Fan Unit', 'Unit 14', 'Mae Moh Power Plant'),
('MMP-T14HCC32AN001', 'WC.Rear Wall Upr.Seal Air Fan Unit', 'Unit 14', 'Mae Moh Power Plant'),
('MMP-T14HCC41AN001', 'WC.Right Wall Upr.Seal Air Fan Unit', 'Unit 14', 'Mae Moh Power Plant'),
('MMP-T14HCC41AP001', 'Right Wall Seal Air Fan Unit', 'Unit 14', 'Mae Moh Power Plant'),
('MMP-T14HCC42AN001', 'WC Right Vartical Wall', 'Unit 14', 'Mae Moh Power Plant'),
('MMP-T14HDA03AP001', 'SSC.Chain Drive Hydralic Pressure Unit', 'Unit 14', 'Mae Moh Power Plant'),
('MMP-T14HDA03AP002', 'SSC.Chain Tensioner HPU Unit', 'Unit 14', 'Mae Moh Power Plant'),
('MMP-T14HDA04AP001', 'SSC.Hydraulic Pump 04AP001', 'Unit 14', 'Mae Moh Power Plant'),
('MMP-T14HDA51AP001', 'Ash Water Pump A Unit', 'Unit 14', 'Mae Moh Power Plant'),
('MMP-T14HDA52AP001', 'Ash Water Pump B Unit', 'Unit 14', 'Mae Moh Power Plant'),
('MMP-T14HDA53AP001', 'Ash Water Pump C Unit', 'Unit 14', 'Mae Moh Power Plant'),
('MMP-T14HDA61AP001', 'Pulv.Reject Sluice Pump A Unit', 'Unit 14', 'Mae Moh Power Plant'),
('MMP-T14HDA62AP001', 'Pulv.Reject Sluice Pump B Unit', 'Unit 14', 'Mae Moh Power Plant'),
('MMP-T14HDA80AP001', 'Hydromixer Pump A Unit', 'Unit 14', 'Mae Moh Power Plant'),
('MMP-T14HDA80AP002', 'Hydromixer Pump B Unit', 'Unit 14', 'Mae Moh Power Plant'),
('MMP-T14HFV10AP001', 'Pulverizer A Lube Oil Pump 1 Unit', 'Unit 14', 'Mae Moh Power Plant'),
('MMP-T14HFV10AP002', 'Pulverizer A Lube Oil Pump 2 Unit', 'Unit 14', 'Mae Moh Power Plant'),
('MMP-T14HFV20AP001', 'Pulverizer B Lube Oil Pump 1 Unit', 'Unit 14', 'Mae Moh Power Plant'),
('MMP-T14HFV20AP002', 'Pulverizer B Lube Oil Pump 2 Unit', 'Unit 14', 'Mae Moh Power Plant'),
('MMP-T14HFV30AP001', 'Pulverizer C Lube Oil Pump 1 Unit', 'Unit 14', 'Mae Moh Power Plant'),
('MMP-T14HFV30AP002', 'Pulverizer C Lube Oil Pump 2 Unit', 'Unit 14', 'Mae Moh Power Plant'),
('MMP-T14HFV40AP001', 'Pulverizer D Lube Oil Pump 1 Unit', 'Unit 14', 'Mae Moh Power Plant'),
('MMP-T14HFV40AP002', 'Pulverizer D Lube Oil Pump 2 Unit', 'Unit 14', 'Mae Moh Power Plant'),
('MMP-T14HFV50AP001', 'Pulverizer E Lube Oil Pump 1 Unit', 'Unit 14', 'Mae Moh Power Plant'),
('MMP-T14HFV50AP002', 'Pulverizer E Lube Oil Pump 2 Unit', 'Unit 14', 'Mae Moh Power Plant'),
('MMP-T14HFV60AP001', 'Pulverizer F Lube Oil Pump 1 Unit', 'Unit 14', 'Mae Moh Power Plant'),
('MMP-T14HFV60AP002', 'Pulverizer F Lube Oil Pump 2 Unit', 'Unit 14', 'Mae Moh Power Plant'),
('MMP-T14HFV70AP001', 'Pulverizer G Lube Oil Pump 1 Unit', 'Unit 14', 'Mae Moh Power Plant'),
('MMP-T14HFV70AP002', 'Pulverizer G Lube Oil Pump 2 Unit', 'Unit 14', 'Mae Moh Power Plant'),
('MMP-T14HFW10AN001', 'Pulverizer Seal Air Fan A Unit', 'Unit 14', 'Mae Moh Power Plant'),
('MMP-T14HFW20AN001', 'Pulverizer Seal Air Fan B Unit', 'Unit 14', 'Mae Moh Power Plant'),
('MMP-T14HHQ03AN001', 'Scanner Cooling Air Fan A Unit', 'Unit 14', 'Mae Moh Power Plant'),
('MMP-T14HHQ04AN001', 'Scanner Cooling Air Fan B Unit', 'Unit 14', 'Mae Moh Power Plant'),
('MMP-T14HHS10AN001', 'Purge Air Fan Line1, ESP-1', 'Unit 14', 'Mae Moh Power Plant'),
('MMP-T14HHS10AN002', 'Purge Air Fan Line2, ESP-1', 'Unit 14', 'Mae Moh Power Plant'),
('MMP-T14HHS20AN001', 'Purge Air Fan Line1, ESP-2', 'Unit 14', 'Mae Moh Power Plant'),
('MMP-T14HHS20AN002', 'Purge Air Fan Line2, ESP-2', 'Unit 14', 'Mae Moh Power Plant'),
('MMP-T14HLB10AN001', 'FD.Fan A Unit', 'Unit 14', 'Mae Moh Power Plant'),
('MMP-T14HLB10AP001', 'FD.Fan A Hydr/Lube Oil Pumps 1 Unit', 'Unit 14', 'Mae Moh Power Plant'),
('MMP-T14HLB10AP002', 'FD.Fan A Hydr/Lube Oil Pumps 2 Unit', 'Unit 14', 'Mae Moh Power Plant'),
('MMP-T14HLB20AN001', 'FD.Fan B Unit', 'Unit 14', 'Mae Moh Power Plant'),
('MMP-T14HLB20AP001', 'FD.Fan B Hydr/Lube Oil Pumps 1 Unit', 'Unit 14', 'Mae Moh Power Plant'),
('MMP-T14HLB20AP002', 'FD.Fan B Hydr/Lube Oil Pumps 2 Unit', 'Unit 14', 'Mae Moh Power Plant'),
('MMP-T14HLB30AN001', 'PA.Fan A Unit', 'Unit 14', 'Mae Moh Power Plant'),
('MMP-T14HLB30AP001', 'PA.Fan A Lube Oil Pump 1 Unit', 'Unit 14', 'Mae Moh Power Plant'),
('MMP-T14HLB30AP002', 'PA.Fan A Lube Oil Pump 2 Unit', 'Unit 14', 'Mae Moh Power Plant'),
('MMP-T14HLB40AN001', 'PA.Fan B Unit', 'Unit 14', 'Mae Moh Power Plant'),
('MMP-T14HLB40AP001', 'PA.Fan B Lube Oil Pump 1 Unit', 'Unit 14', 'Mae Moh Power Plant'),
('MMP-T14HLB40AP002', 'PA.Fan B Lube Oil Pump 2 Unit', 'Unit 14', 'Mae Moh Power Plant'),
('MMP-T14HLD10AP001', 'APH.A Guide Brg.Oil Pump 1 Unit', 'Unit 14', 'Mae Moh Power Plant'),
('MMP-T14HLD10AP002', 'APH.A Guide Brg.Oil Pump 2 Unit', 'Unit 14', 'Mae Moh Power Plant'),
('MMP-T14HLD10AP003', 'APH.A Support Brg.Oil Pump 1 Unit', 'Unit 14', 'Mae Moh Power Plant'),
('MMP-T14HLD10AP004', 'APH.A Support Brg.Oil Pump 2 Unit', 'Unit 14', 'Mae Moh Power Plant'),
('MMP-T14HLD20AP001', 'APH.B Guide Brg.Oil Pump 1 Unit', 'Unit 14', 'Mae Moh Power Plant'),
('MMP-T14HLD20AP002', 'APH.B Guide Brg.Oil Pump 2 Unit', 'Unit 14', 'Mae Moh Power Plant'),
('MMP-T14HLD20AP003', 'APH.B Support Brg.Oil Pump 1 Unit', 'Unit 14', 'Mae Moh Power Plant'),
('MMP-T14HLD20AP004', 'APH.B Support Brg.Oil Pump 2 Unit', 'Unit 14', 'Mae Moh Power Plant'),
('MMP-T14HNA12AN001', 'SCR A Inlet Dmaper Seal Air Fan Unit', 'Unit 14', 'Mae Moh Power Plant'),
('MMP-T14HNA13AN001', 'SCR A Outlet Damper Seal Air Fan Unit', 'Unit 14', 'Mae Moh Power Plant'),
('MMP-T14HNA22AN001', 'SCR B Inlet Damper Seal Air Fan Unit', 'Unit 14', 'Mae Moh Power Plant'),
('MMP-T14HNA23AN001', 'SCR B Outlet Damper Seal Air Fan Unit', 'Unit 14', 'Mae Moh Power Plant'),
('MMP-T14HNA31AN001', 'ESP-1 Inlet Guillotin Seal Air Damper', 'Unit 14', 'Mae Moh Power Plant'),
('MMP-T14HNA32AN001', 'ESP-1 Outlet Guillotin Seal Air Damper', 'Unit 14', 'Mae Moh Power Plant'),
('MMP-T14HNA41AN001', 'ESP-2 Inlet Guillotin Seal Air Damper', 'Unit 14', 'Mae Moh Power Plant'),
('MMP-T14HNA42AN001', 'ESP-2 Outlet Guillotin Seal Air Damper', 'Unit 14', 'Mae Moh Power Plant'),
('MMP-T14HNC10AN001', 'ID Fan A Unit', 'Unit 14', 'Mae Moh Power Plant'),
('MMP-T14HNC10AN002', 'ID Fan A Seal Air Fan 1 Unit', 'Unit 14', 'Mae Moh Power Plant'),
('MMP-T14HNC10AN003', 'ID Fan A Seal Air Fan 2 Unit', 'Unit 14', 'Mae Moh Power Plant'),
('MMP-T14HNC10AN004', 'ID Fan A Seal Air Fan 3 Unit', 'Unit 14', 'Mae Moh Power Plant'),
('MMP-T14HNC10AN005', 'ID Fan A Seal Air Fan 4 Unit', 'Unit 14', 'Mae Moh Power Plant'),
('MMP-T14HNC10AP001', 'ID Fan A Hydr/Lube Oil Pump 1 Unit', 'Unit 14', 'Mae Moh Power Plant'),
('MMP-T14HNC10AP002', 'ID Fan A Hydr/Lube Oil Pump 2 Unit', 'Unit 14', 'Mae Moh Power Plant'),
('MMP-T14HNC20AN001', 'ID Fan B Unit', 'Unit 14', 'Mae Moh Power Plant'),
('MMP-T14HNC20AN002', 'ID Fan B Seal Air Fan 1 Unit', 'Unit 14', 'Mae Moh Power Plant'),
('MMP-T14HNC20AN003', 'ID Fan B Seal Air Fan 2 Unit', 'Unit 14', 'Mae Moh Power Plant'),
('MMP-T14HNC20AN004', 'ID Fan B Seal Air Fan 3 Unit', 'Unit 14', 'Mae Moh Power Plant'),
('MMP-T14HNC20AN005', 'ID Fan B Seal Air Fan 4 Unit', 'Unit 14', 'Mae Moh Power Plant'),
('MMP-T14HNC20AP001', 'ID Fan B Hydr/Lube Oil Pump 1 Unit', 'Unit 14', 'Mae Moh Power Plant'),
('MMP-T14HNC20AP002', 'ID Fan B Hydr/Lube Oil Pump 2 Unit', 'Unit 14', 'Mae Moh Power Plant'),
('MMP-T14HSG10AN001', 'Dilution Air Dehumidifier Blower Unit', 'Unit 14', 'Mae Moh Power Plant'),
('MMP-T14HSG21AN001', 'Dilution Air Fan A Unit', 'Unit 14', 'Mae Moh Power Plant'),
('MMP-T14HSG22AN001', 'Dilution Air Fan B Unit', 'Unit 14', 'Mae Moh Power Plant'),
('MMP-T14HSJ10AP001', 'SCR NH3 Strg Tank Liquid Pump Unit', 'Unit 14', 'Mae Moh Power Plant'),
('MMP-T14HSJ21AP001', 'NH3 Pump A Unit', 'Unit 14', 'Mae Moh Power Plant'),
('MMP-T14HSJ22AP001', 'NH3 Pump B Unit', 'Unit 14', 'Mae Moh Power Plant'),
('MMP-T14HSL10AP001', 'Dehumidifier Water Pump Unit', 'Unit 14', 'Mae Moh Power Plant'),
('MMP-T14HTB11AN001', 'GGH Seal Air Fan#1 Unit', 'Unit 14', 'Mae Moh Power Plant'),
('MMP-T14HTB12AN001', 'GGH Seal Air Fan#2 Unit', 'Unit 14', 'Mae Moh Power Plant'),
('MMP-T14HTB31AN001', 'GGH Seal Gas Fan Unit', 'Unit 14', 'Mae Moh Power Plant'),
('MMP-T14HTC11AN001', 'BUF#1 Unit', 'Unit 14', 'Mae Moh Power Plant'),
('MMP-T14HTC11AN002', 'BUF#1 Diffuser Seal Air Fan#1 Unit', 'Unit 14', 'Mae Moh Power Plant'),
('MMP-T14HTC11AN003', 'BUF#1 Diffuser Seal Air Fan#2 Unit', 'Unit 14', 'Mae Moh Power Plant'),
('MMP-T14HTC11AN004', 'BUF#1 Inlet Box Seal Air Fan#1 Unit', 'Unit 14', 'Mae Moh Power Plant'),
('MMP-T14HTC11AN005', 'BUF#1 Inlet Box Seal Air Fan#2 Unit', 'Unit 14', 'Mae Moh Power Plant'),
('MMP-T14HTC11AN006', 'BUF#1 Actuator Regulating Drive Unit', 'Unit 14', 'Mae Moh Power Plant'),
('MMP-T14HTC11AN007', 'BUF#1 Oil Cabinet Ventilation', 'Unit 14', 'Mae Moh Power Plant'),
('MMP-T14HTC11AP001', 'BUF#1 Hydraulic & Lube Oil P#1 Unit', 'Unit 14', 'Mae Moh Power Plant'),
('MMP-T14HTC11AP002', 'BUF#1 Hydraulic & Lube Oil P#2 Unit', 'Unit 14', 'Mae Moh Power Plant'),
('MMP-T14HTC11AP003', 'BUF#1Lube Oil Pump(DC Motor) Unit', 'Unit 14', 'Mae Moh Power Plant'),
('MMP-T14HTC12AN001', 'BUF#2 Unit', 'Unit 14', 'Mae Moh Power Plant'),
('MMP-T14HTC12AN002', 'BUF#2 Diffuser Seal Air Fan.1 Unit', 'Unit 14', 'Mae Moh Power Plant'),
('MMP-T14HTC12AN003', 'BUF#2 Diffuser Seal Air Fan.2 Unit', 'Unit 14', 'Mae Moh Power Plant'),
('MMP-T14HTC12AN004', 'BUF#2 INL.Box Seal Air Fan.1 Unit', 'Unit 14', 'Mae Moh Power Plant'),
('MMP-T14HTC12AN005', 'BUF#2 INL.Box Seal Air Fan.2 Unit', 'Unit 14', 'Mae Moh Power Plant'),
('MMP-T14HTC12AN006', 'BUF#2 Actuator Regulating Drive Unit', 'Unit 14', 'Mae Moh Power Plant'),
('MMP-T14HTC12AN007', 'BUF#2 Oil Tnk.1 CAB Ventilation Fan', 'Unit 14', 'Mae Moh Power Plant'),
('MMP-T14HTC12AP001', 'BUF#2 Hydraulic & Lube Oil P#1 Unit', 'Unit 14', 'Mae Moh Power Plant'),
('MMP-T14HTC12AP002', 'BUF#2 Hydraulic & Lube Oil P#2 Unit', 'Unit 14', 'Mae Moh Power Plant'),
('MMP-T14HTC12AP003', 'BUF#2 Lub.P.(DC Motor) Unit', 'Unit 14', 'Mae Moh Power Plant'),
('MMP-T14HTD21AP001', 'ARP#1 Unit', 'Unit 14', 'Mae Moh Power Plant'),
('MMP-T14HTD21AP002', 'ARP#1 Lube oil Pump 1 Unit', 'Unit 14', 'Mae Moh Power Plant'),
('MMP-T14HTD21AP003', 'ARP#1 Lube oil Pump 2 Unit', 'Unit 14', 'Mae Moh Power Plant'),
('MMP-T14HTD22AP001', 'ARP#2', 'Unit 14', 'Mae Moh Power Plant'),
('MMP-T14HTD22AP002', 'ARP#2 Lube oil Pump 1 Unit', 'Unit 14', 'Mae Moh Power Plant'),
('MMP-T14HTD22AP003', 'ARP#2 Lube oil Pump 2 Unit', 'Unit 14', 'Mae Moh Power Plant'),
('MMP-T14HTD23AP001', 'ARP#3', 'Unit 14', 'Mae Moh Power Plant'),
('MMP-T14HTD23AP002', 'ARP#3 Lube oil Pump 1 Unit', 'Unit 14', 'Mae Moh Power Plant'),
('MMP-T14HTD23AP003', 'ARP#3 Lube oil Pump 2 Unit', 'Unit 14', 'Mae Moh Power Plant'),
('MMP-T14HTD24AP001', 'ARP#4', 'Unit 14', 'Mae Moh Power Plant'),
('MMP-T14HTD24AP002', 'ARP#4 Lube oil Pump 1 Unit', 'Unit 14', 'Mae Moh Power Plant'),
('MMP-T14HTD24AP003', 'ARP#4 Lube oil Pump 2 Unit', 'Unit 14', 'Mae Moh Power Plant'),
('MMP-T14HTD25AP001', 'ARP#5', 'Unit 14', 'Mae Moh Power Plant'),
('MMP-T14HTD25AP002', 'ARP#5 Lube oil Pump 1 Unit', 'Unit 14', 'Mae Moh Power Plant'),
('MMP-T14HTD25AP003', 'ARP#5 Lube oil Pump 2 Unit', 'Unit 14', 'Mae Moh Power Plant'),
('MMP-T14HTD26AP001', 'ARP#6', 'Unit 14', 'Mae Moh Power Plant'),
('MMP-T14HTD26AP002', 'ARP#6 Lube oil Pump 1 Unit', 'Unit 14', 'Mae Moh Power Plant'),
('MMP-T14HTD26AP003', 'ARP#6 Lube oil Pump 2 Unit', 'Unit 14', 'Mae Moh Power Plant'),
('MMP-T14HTF21AP001', 'Aux.Storage Transfer Pump#1 Unit', 'Unit 14', 'Mae Moh Power Plant'),
('MMP-T14HTF22AP001', 'Aux.Storage Transfer Pump#2 Unit', 'Unit 14', 'Mae Moh Power Plant'),
('MMP-T14HTG11AN001', 'OAB#1 Unit', 'Unit 14', 'Mae Moh Power Plant'),
('MMP-T14HTG11AN002', 'FGD.OAB #1 Acoustic Vent Fan', 'Unit 14', 'Mae Moh Power Plant'),
('MMP-T14HTG11AP001', 'OAB#1 Aux.Oil Pump Unit', 'Unit 14', 'Mae Moh Power Plant'),
('MMP-T14HTG11AP002', 'OAB#1 Machanical Oil Pump', 'Unit 14', 'Mae Moh Power Plant'),
('MMP-T14HTG12AN001', 'OAB#2 Unit', 'Unit 14', 'Mae Moh Power Plant'),
('MMP-T14HTG12AN002', 'FGD.OAB #2 Acoustic Vent Fan', 'Unit 14', 'Mae Moh Power Plant'),
('MMP-T14HTG12AP001', 'OAB#2 Aux.Oil Pump Unit', 'Unit 14', 'Mae Moh Power Plant'),
('MMP-T14HTG12AP002', 'OAB#2 Machanical Oil Pump', 'Unit 14', 'Mae Moh Power Plant'),
('MMP-T14HTG13AN001', 'OAB#3 Unit', 'Unit 14', 'Mae Moh Power Plant'),
('MMP-T14HTG13AN002', 'FGD.OAB #3 Acoustic Vent Fan', 'Unit 14', 'Mae Moh Power Plant'),
('MMP-T14HTG13AP001', 'OAB#3 Aux.Oil Pump Unit', 'Unit 14', 'Mae Moh Power Plant'),
('MMP-T14HTG13AP002', 'OAB#3 Machanical Oil Pump', 'Unit 14', 'Mae Moh Power Plant'),
('MMP-T14HTM11AP001', 'Absorber Bleed P#1', 'Unit 14', 'Mae Moh Power Plant'),
('MMP-T14HTM12AP001', 'Absorber Bleed P#2', 'Unit 14', 'Mae Moh Power Plant'),
('MMP-T14HTM31AP001', 'Local Gypsum Slurry P#1', 'Unit 14', 'Mae Moh Power Plant'),
('MMP-T14HTM32AP001', 'Local Gypsum Slurry P#2', 'Unit 14', 'Mae Moh Power Plant'),
('MMP-T14HTM41AP001', 'Purge Pump#1', 'Unit 14', 'Mae Moh Power Plant'),
('MMP-T14HTM42AP001', 'Purge Pump#2', 'Unit 14', 'Mae Moh Power Plant'),
('MMP-T14HTM51AN001', 'Vacuum Pump#1 Gear Box Vent.Fan Unit', 'Unit 14', 'Mae Moh Power Plant'),
('MMP-T14HTM51AP001', 'Vacuum Pump#1', 'Unit 14', 'Mae Moh Power Plant'),
('MMP-T14HTM51AP002', 'Vacuum Pump#1 Gear Box Lube oil Pump', 'Unit 14', 'Mae Moh Power Plant'),
('MMP-T14HTM52AN001', 'Vacuum Pump#2 Gear Box Vent.Fan Unit', 'Unit 14', 'Mae Moh Power Plant'),
('MMP-T14HTM52AP001', 'Vacuum Pump#2', 'Unit 14', 'Mae Moh Power Plant'),
('MMP-T14HTM52AP002', 'Vac.Pump#2 Gear Box Lube Oil Pump Unit', 'Unit 14', 'Mae Moh Power Plant'),
('MMP-T14HTM61AP001', 'Reclaim Water Pump#1', 'Unit 14', 'Mae Moh Power Plant'),
('MMP-T14HTM62AP001', 'Reclaim Water Pump#2', 'Unit 14', 'Mae Moh Power Plant'),
('MMP-T14HTM71AP001', 'Equalization Pump#1', 'Unit 14', 'Mae Moh Power Plant'),
('MMP-T14HTM72AP001', 'Equalization Pump#2', 'Unit 14', 'Mae Moh Power Plant'),
('MMP-T14HTM80AP001', 'SRS Clarifier Sludge Pump#1', 'Unit 14', 'Mae Moh Power Plant'),
('MMP-T14HTM80AP002', 'SRS Clarifier Sludge Pump#2', 'Unit 14', 'Mae Moh Power Plant'),
('MMP-T14HTM81AP001', 'SRS Treated Water Pump#1', 'Unit 14', 'Mae Moh Power Plant'),
('MMP-T14HTM81AP002', 'SRS Treated Water Pump#2', 'Unit 14', 'Mae Moh Power Plant'),
('MMP-T14HTM82AP001', 'SRS Filter Press Feed Pump #1', 'Unit 14', 'Mae Moh Power Plant'),
('MMP-T14HTM82AP002', 'SRS Filter Press Feed Pump #2', 'Unit 14', 'Mae Moh Power Plant'),
('MMP-T14HTM82AP003', 'SRS Filter Press Hydraulic Pump', 'Unit 14', 'Mae Moh Power Plant'),
('MMP-T14HTM83AP001', 'SRS Sump Pit Pump#1', 'Unit 14', 'Mae Moh Power Plant'),
('MMP-T14HTM83AP002', 'SRS Sump Pit Pump#2', 'Unit 14', 'Mae Moh Power Plant'),
('MMP-T14HTM84AP001', 'SRS Caustic Dosing Pump #1 Unit', 'Unit 14', 'Mae Moh Power Plant'),
('MMP-T14HTM84AP002', 'SRS Caustic Dosing Pump #2 Unit', 'Unit 14', 'Mae Moh Power Plant'),
('MMP-T14HTM85AP001', 'SRS Ferric Dosing Pump#1 Unit', 'Unit 14', 'Mae Moh Power Plant'),
('MMP-T14HTM85AP002', 'SRS Ferric Dosing Pump#2 Unit', 'Unit 14', 'Mae Moh Power Plant'),
('MMP-T14HTM86AP001', 'FGD SRS Polymer Dosing Pump #1 Unit', 'Unit 14', 'Mae Moh Power Plant'),
('MMP-T14HTM86AP002', 'FGD SRS Polymer Dosing Pump #2 Unit', 'Unit 14', 'Mae Moh Power Plant'),
('MMP-T14HTM87AP001', 'SRS Acid Ejector Pump', 'Unit 14', 'Mae Moh Power Plant'),
('MMP-T14HTQ21AP001', 'Process Water Pump #1', 'Unit 14', 'Mae Moh Power Plant'),
('MMP-T14HTQ22AP001', 'Process Water Pump #2', 'Unit 14', 'Mae Moh Power Plant'),
('MMP-T14HTQ36AP001', 'Emergency Quenching Pump1', 'Unit 14', 'Mae Moh Power Plant'),
('MMP-T14HTQ36AP002', 'Emergency Quenching Pump2', 'Unit 14', 'Mae Moh Power Plant'),
('MMP-T14HTQ51AP001', 'Mist Eliminator Wash Pump#1', 'Unit 14', 'Mae Moh Power Plant'),
('MMP-T14HTQ52AP001', 'Mist Eliminator Wash Pump#2', 'Unit 14', 'Mae Moh Power Plant'),
('MMP-T14HTQ54AP001', 'GGH High Pressure Washing Pump Unit', 'Unit 14', 'Mae Moh Power Plant'),
('MMP-T14HTT11AP001', 'GGH.Drain Pit Pump#1', 'Unit 14', 'Mae Moh Power Plant'),
('MMP-T14HTT12AP001', 'GGH.Drain Pit Pump#2', 'Unit 14', 'Mae Moh Power Plant'),
('MMP-T14HTT21AP001', 'Abs.Drain Pit Pump#1', 'Unit 14', 'Mae Moh Power Plant'),
('MMP-T14HTT22AP001', 'Abs.Drain Pit Pump#2', 'Unit 14', 'Mae Moh Power Plant'),
('MMP-T14HTT31AP001', 'Service Building Drain Pit Pump#1', 'Unit 14', 'Mae Moh Power Plant'),
('MMP-T14HTT32AP001', 'Service Building Drain Pit Pump#2', 'Unit 14', 'Mae Moh Power Plant'),
('MMP-T14HTW10AN001', 'ID.Fan Out Damper Seal Air Fan#1 Unit', 'Unit 14', 'Mae Moh Power Plant'),
('MMP-T14HTW10AN002', 'ID.Fan Out Damper Seal Air Fan#2 Unit', 'Unit 14', 'Mae Moh Power Plant'),
('MMP-T14HTW20AN001', 'Inlet Dmpr,Guillotine,Bypass SAF#1 Unit', 'Unit 14', 'Mae Moh Power Plant'),
('MMP-T14HTW20AN002', 'Inlet Dmpr,Guillotine,Bypass SAF#2 Unit', 'Unit 14', 'Mae Moh Power Plant'),
('MMP-T14HTW30AN001', 'OUTL.Guilt and BUF Damper SAF#1 Unit', 'Unit 14', 'Mae Moh Power Plant'),
('MMP-T14HTW30AN002', 'OUTL.Guilt and BUF Damper SAF#2 Unit', 'Unit 14', 'Mae Moh Power Plant'),
('MMP-T14LAC11AP001', 'TDBFP.1 Booster Pump Unit', 'Unit 14', 'Mae Moh Power Plant'),
('MMP-T14LAC11AP002', 'TDBFP.1 Main Pump Unit', 'Unit 14', 'Mae Moh Power Plant'),
('MMP-T14LAC12AP001', 'TDBFP.2 Booster Pump Unit', 'Unit 14', 'Mae Moh Power Plant'),
('MMP-T14LAC12AP002', 'TDBFP.2 Main Pump Unit', 'Unit 14', 'Mae Moh Power Plant'),
('MMP-T14LAC13AP001', 'Motor Drive Boiler Feedwater Pump Unit', 'Unit 14', 'Mae Moh Power Plant'),
('MMP-T14LAV13AP001', 'MDBFP.Main Lube.Oil Pump', 'Unit 14', 'Mae Moh Power Plant'),
('MMP-T14LAV13AP002', 'MDBFP.Auxiliary Lube.Oil Unit', 'Unit 14', 'Mae Moh Power Plant'),
('MMP-T14LAV13AP003', 'MDBFP.Emergency Lube.Oil Unit', 'Unit 14', 'Mae Moh Power Plant'),
('MMP-T14LAX13AP001', 'MDBFP.Working Oil Pump', 'Unit 14', 'Mae Moh Power Plant'),
('MMP-T14LBF20AP001', 'HP.Bypass Hydraulic Pump no.1 Unit', 'Unit 14', 'Mae Moh Power Plant'),
('MMP-T14LBF20AP002', 'HP.Bypass Hydraulic Pump no.2 Unit', 'Unit 14', 'Mae Moh Power Plant'),
('MMP-T14LBF20AP003', 'HP.Bypass Hydraulic Regeneration Unit', 'Unit 14', 'Mae Moh Power Plant'),
('MMP-T14LBF20AP004', 'HP.Bypass Hydraulic Regen.Vacuum Unit', 'Unit 14', 'Mae Moh Power Plant'),
('MMP-T14LCB11AP001', 'CEP.1 Unit', 'Unit 14', 'Mae Moh Power Plant'),
('MMP-T14LCB12AP001', 'CEP.2 Unit', 'Unit 14', 'Mae Moh Power Plant'),
('MMP-T14LCJ31AP001', 'LP.3 Heater Drn.Recov.Pump 1 Unit', 'Unit 14', 'Mae Moh Power Plant'),
('MMP-T14LCJ32AP001', 'LP.3 Heater Drain Recov.Pump 2 Unit', 'Unit 14', 'Mae Moh Power Plant'),
('MMP-T14LCL20AP001', 'Low Pressure Startup Pump A Unit', 'Unit 14', 'Mae Moh Power Plant'),
('MMP-T14LCL40AP001', 'Low Pressure Start-Up Pump B Unit', 'Unit 14', 'Mae Moh Power Plant'),
('MMP-T14LDJ40AN001', 'CPP.Sample Chiller Cooling fan', 'Unit 14', 'Mae Moh Power Plant'),
('MMP-T14LDJ40AP001', 'CPP.Sample Chiller Unit', 'Unit 14', 'Mae Moh Power Plant'),
('MMP-T14LDN11AP001', 'CPP.Caustic Transfer Pump 1', 'Unit 14', 'Mae Moh Power Plant'),
('MMP-T14LDN12AP001', 'CPP.Caustic Transfer Pump 2', 'Unit 14', 'Mae Moh Power Plant'),
('MMP-T14LDN16AP001', 'CPP.Caustic Injection Pump 1', 'Unit 14', 'Mae Moh Power Plant'),
('MMP-T14LDN17AP001', 'CPP.Caustic Injection Pump 2', 'Unit 14', 'Mae Moh Power Plant'),
('MMP-T14LDN21AP001', 'CPP.Acid Transfer Pump 1', 'Unit 14', 'Mae Moh Power Plant'),
('MMP-T14LDN22AP001', 'CPP.Acid Transfer Pump 2', 'Unit 14', 'Mae Moh Power Plant'),
('MMP-T14LDN26AP001', 'CPP.Acid Injection Pump 1', 'Unit 14', 'Mae Moh Power Plant'),
('MMP-T14LDN27AP001', 'CPP.Acid Injection Pump 2', 'Unit 14', 'Mae Moh Power Plant'),
('MMP-T14LDN31AP001', 'CCP.Acid Fume Scrubber Recir.Unit', 'Unit 14', 'Mae Moh Power Plant'),
('MMP-T14LDP15AN001', 'Mixed Bed Air Blower 1', 'Unit 14', 'Mae Moh Power Plant'),
('MMP-T14LDP15AN002', 'Mixed Bed Air Blower 1 Fan', 'Unit 14', 'Mae Moh Power Plant'),
('MMP-T14LDP16AN001', 'Mixed Bed Air Blower 2 Unit', 'Unit 14', 'Mae Moh Power Plant'),
('MMP-T14LDP16AN002', 'Mixed Bed Air Blower 2 Fan', 'Unit 14', 'Mae Moh Power Plant'),
('MMP-T14LDP17AN001', 'Conesep Air Blower 1 Unit', 'Unit 14', 'Mae Moh Power Plant'),
('MMP-T14LDP17AN002', 'Conesep Air Blower 1 Fan', 'Unit 14', 'Mae Moh Power Plant'),
('MMP-T14LDP18AN001', 'Conesep Air Blower 2 Unit', 'Unit 14', 'Mae Moh Power Plant'),
('MMP-T14LDP18AN002', 'Conesep Air Blower 2 Fan', 'Unit 14', 'Mae Moh Power Plant'),
('MMP-T14LDP51AP001', 'Rinse Recycle Pump 1', 'Unit 14', 'Mae Moh Power Plant'),
('MMP-T14LDP52AP001', 'Rinse Recycle Pump 2', 'Unit 14', 'Mae Moh Power Plant'),
('MMP-T14LDR21AP001', 'Chemical Waste Transfer Pump 1', 'Unit 14', 'Mae Moh Power Plant'),
('MMP-T14LDR22AP001', 'Chemical Waste Transfer Pump 2', 'Unit 14', 'Mae Moh Power Plant'),
('MMP-T14LDR23AP001', 'Waste Water Transfrt Pump #3', 'Unit 14', 'Mae Moh Power Plant'),
('MMP-T14LDR24AP001', 'Waste Water Transfrt Pump #4', 'Unit 14', 'Mae Moh Power Plant'),
('MMP-T14LDR31AP001', 'Non Chemical Wastetransfer Pump 1', 'Unit 14', 'Mae Moh Power Plant'),
('MMP-T14LDR32AP001', 'Non Chemical Wastetransfer Pump 2', 'Unit 14', 'Mae Moh Power Plant'),
('MMP-T14LFN20AP001', 'Ammo.Diaphragm Metering Pump 1 52Barg', 'Unit 14', 'Mae Moh Power Plant'),
('MMP-T14LFN20AP002', 'Ammo.Diaphragm Metering Pump 2 52Barg', 'Unit 14', 'Mae Moh Power Plant'),
('MMP-T14LFN20AP003', 'Ammonia Drum Pump', 'Unit 14', 'Mae Moh Power Plant'),
('MMP-T14LFN50AP001', 'O2-Scavg.Diaphragm Metering Pump 1 Unit', 'Unit 14', 'Mae Moh Power Plant'),
('MMP-T14LFN50AP002', 'O2-Scavg.Diaphragm Metering Pump 2 Unit', 'Unit 14', 'Mae Moh Power Plant'),
('MMP-T14LFN50AP003', 'O2-Scavg.Drum Pump', 'Unit 14', 'Mae Moh Power Plant'),
('MMP-T14MAJ11AP001', 'Vacuum Pump 1 Unit', 'Unit 14', 'Mae Moh Power Plant'),
('MMP-T14MAJ12AP001', 'Vacuum Pump 2 Unit', 'Unit 14', 'Mae Moh Power Plant'),
('MMP-T14MAJ13AP001', 'Vacuum Pump 3 Unit', 'Unit 14', 'Mae Moh Power Plant'),
('MMP-T14MAK90AN001', 'Aux.Turning Gear Air Motor', 'Unit 14', 'Mae Moh Power Plant'),
('MMP-T14MAN10AP001', 'LP.Bypass Hydraulic Pump 1 Unit', 'Unit 14', 'Mae Moh Power Plant'),
('MMP-T14MAN10AP002', 'LP.Bypass Hydraulic Pump 2 Unit', 'Unit 14', 'Mae Moh Power Plant'),
('MMP-T14MAN10AP003', 'LP.Bypass Hydraulic Regeneration unit', 'Unit 14', 'Mae Moh Power Plant'),
('MMP-T14MAN10AP004', 'LP.Bypass Hydraulic Regen.Vacuum Unit', 'Unit 14', 'Mae Moh Power Plant'),
('MMP-T14MAV02AN001', 'Lube Oil Tank Vapour Extraction 1 Unit', 'Unit 14', 'Mae Moh Power Plant'),
('MMP-T14MAV02AN002', 'Lube Oil Tank Vapour Extraction 2 Unit', 'Unit 14', 'Mae Moh Power Plant'),
('MMP-T14MAV21AP011', 'Main Oil Pump', 'Unit 14', 'Mae Moh Power Plant'),
('MMP-T14MAV21AP021', 'Auxiliary Oil Pump Unit', 'Unit 14', 'Mae Moh Power Plant'),
('MMP-T14MAV21AP031', 'Emergency Oil Pump Unit', 'Unit 14', 'Mae Moh Power Plant'),
('MMP-T14MAV50AP001', 'Jacking Oil Pump 1 Unit', 'Unit 14', 'Mae Moh Power Plant'),
('MMP-T14MAV50AP002', 'Jacking Oil Pump 2 Unit', 'Unit 14', 'Mae Moh Power Plant'),
('MMP-T14MAV92AP001', 'Lube Oil Cond.Unit Feed Pump', 'Unit 14', 'Mae Moh Power Plant'),
('MMP-T14MAW30AN001', 'Gland Steam Suction Exhaust Fan 1', 'Unit 14', 'Mae Moh Power Plant'),
('MMP-T14MAW30AN002', 'Gland Steam Suction Exhaust Fan 2', 'Unit 14', 'Mae Moh Power Plant'),
('MMP-T14MAX11AP001', 'Hydraulic Pump 1 Motor Unit', 'Unit 14', 'Mae Moh Power Plant'),
('MMP-T14MAX11AP002', 'Hydraulic Pump 2 Motor Unit', 'Unit 14', 'Mae Moh Power Plant'),
('MMP-T14MAX11AP011', 'Hydraulic Main Pump 1', 'Unit 14', 'Mae Moh Power Plant'),
('MMP-T14MAX11AP012', 'Hydraulic Main Pump 2', 'Unit 14', 'Mae Moh Power Plant'),
('MMP-T14MAX11AP021', 'Hydraulic Condition Hydraulic Pmp 1', 'Unit 14', 'Mae Moh Power Plant'),
('MMP-T14MAX11AP022', 'Hydraulic Condition Hydraulic Pmp 2', 'Unit 14', 'Mae Moh Power Plant'),
('MMP-T14MAX11AP031', 'Hydraulic Compensate Pump 1', 'Unit 14', 'Mae Moh Power Plant'),
('MMP-T14MAX11AP032', 'Hydraulic Compensate Pump 2', 'Unit 14', 'Mae Moh Power Plant'),
('MMP-T14MAX96AP001', 'Hydraulic Regen.Unit Hydraulic Pump Unit', 'Unit 14', 'Mae Moh Power Plant'),
('MMP-T14MKA13AN120', 'Fan On Generator Rotor', 'Unit 14', 'Mae Moh Power Plant'),
('MMP-T14MKB43AN100', 'Fan On Slip Ring Rotor', 'Unit 14', 'Mae Moh Power Plant'),
('MMP-T14MKF31AP001', 'Stator Water Pump 1', 'Unit 14', 'Mae Moh Power Plant'),
('MMP-T14MKF32AP001', 'Stator Water Pump 2', 'Unit 14', 'Mae Moh Power Plant'),
('MMP-T14MKG54AN001', 'H2 Circulating Fan Unit', 'Unit 14', 'Mae Moh Power Plant'),
('MMP-T14MKG62AP001', 'CO2 Exp.Device Circulating Pump 1 Unit', 'Unit 14', 'Mae Moh Power Plant'),
('MMP-T14MKG62AP002', 'CO2 Exp.Device Circulating Pump 2 Unit', 'Unit 14', 'Mae Moh Power Plant'),
('MMP-T14MKG75AN001', 'Gel Drying Fan Unit', 'Unit 14', 'Mae Moh Power Plant'),
('MMP-T14MKQ11AN001', 'H2 Seal Oil Vacuum Pump', 'Unit 14', 'Mae Moh Power Plant'),
('MMP-T14MKQ11AP001', 'Vaccuum Pump Unit', 'Unit 14', 'Mae Moh Power Plant'),
('MMP-T14MKQ21AN001', 'Air Oil Tank Exhaust Blower 1', 'Unit 14', 'Mae Moh Power Plant'),
('MMP-T14MKQ22AN001', 'Air Oil Tank Exhaust Blower 2', 'Unit 14', 'Mae Moh Power Plant'),
('MMP-T14MKW21AP001', 'H2 Seal Oil Pump 1 Unit', 'Unit 14', 'Mae Moh Power Plant'),
('MMP-T14MKW22AP001', 'H2 Seal Oil Pump 2 Unit', 'Unit 14', 'Mae Moh Power Plant'),
('MMP-T14MKW23AP001', 'Emergency Seal Oil Pump Unit', 'Unit 14', 'Mae Moh Power Plant'),
('MMP-T14MKW36AP001', 'Vacuum Seal Oil Pump Unit', 'Unit 14', 'Mae Moh Power Plant'),
('MMP-T14MKW42AP001', 'H2 Seal Oil Pump DE Unit', 'Unit 14', 'Mae Moh Power Plant'),
('MMP-T14MKW46AP001', 'H2 Seal Oil Pump NDE Unit', 'Unit 14', 'Mae Moh Power Plant'),
('MMP-T14PAC11AP001', 'CWP.11', 'Unit 14', 'Mae Moh Power Plant'),
('MMP-T14PAC12AP001', 'CWP.12', 'Unit 14', 'Mae Moh Power Plant'),
('MMP-T14PAC13AP001', 'CWP.13', 'Unit 14', 'Mae Moh Power Plant'),
('MMP-T14PAC41AP001', 'ACWP.41', 'Unit 14', 'Mae Moh Power Plant'),
('MMP-T14PAC42AP001', 'ACWP.42', 'Unit 14', 'Mae Moh Power Plant'),
('MMP-T14PAD11AN001', 'CT.Cell 11 Fan', 'Unit 14', 'Mae Moh Power Plant'),
('MMP-T14PAD12AN001', 'CT.Cell 12 Fan', 'Unit 14', 'Mae Moh Power Plant'),
('MMP-T14PAD13AN001', 'Cooling Tower Fan 13', 'Unit 14', 'Mae Moh Power Plant'),
('MMP-T14PAD14AN001', 'CT.Cell 14 Fan', 'Unit 14', 'Mae Moh Power Plant'),
('MMP-T14PAD15AN001', 'CT.Cell 15 Fan', 'Unit 14', 'Mae Moh Power Plant'),
('MMP-T14PAD16AN001', 'CT.Cell 16 Fan', 'Unit 14', 'Mae Moh Power Plant'),
('MMP-T14PAD17AN001', 'CT.Cell 17 Fan', 'Unit 14', 'Mae Moh Power Plant'),
('MMP-T14PAD18AN001', 'CT.Cell 18 Fan', 'Unit 14', 'Mae Moh Power Plant'),
('MMP-T14PAD21AN001', 'CT.Cell 21 Fan', 'Unit 14', 'Mae Moh Power Plant'),
('MMP-T14PAD22AN001', 'CT.Cell 22 Fan', 'Unit 14', 'Mae Moh Power Plant'),
('MMP-T14PAD23AN001', 'CT.Cell 23 Fan', 'Unit 14', 'Mae Moh Power Plant'),
('MMP-T14PAD24AN001', 'CT.Cell 24 Fan', 'Unit 14', 'Mae Moh Power Plant'),
('MMP-T14PAD25AN001', 'CT.Cell 25 Fan', 'Unit 14', 'Mae Moh Power Plant'),
('MMP-T14PAD26AN001', 'CT.Cell 26 Fan', 'Unit 14', 'Mae Moh Power Plant'),
('MMP-T14PAD27AN001', 'CT.Cell 27 Fan', 'Unit 14', 'Mae Moh Power Plant'),
('MMP-T14PAD28AN001', 'CT.Cell 28 Fan', 'Unit 14', 'Mae Moh Power Plant'),
('MMP-T14PAH31AP001', 'CTCS.31 Pump', 'Unit 14', 'Mae Moh Power Plant'),
('MMP-T14PAH32AP001', 'CTCS.32 Pump', 'Unit 14', 'Mae Moh Power Plant'),
('MMP-T14PAR21AP001', 'CTMU.Pump A', 'Unit 14', 'Mae Moh Power Plant'),
('MMP-T14PAR22AP001', 'CTMU.Pump B', 'Unit 14', 'Mae Moh Power Plant'),
('MMP-T14PBB21AP001', 'CT Filtration Booster Pump 1', 'Unit 14', 'Mae Moh Power Plant'),
('MMP-T14PBQ61AP001', 'Chlorine Injection Booster Pump A', 'Unit 14', 'Mae Moh Power Plant'),
('MMP-T14PBQ62AP001', 'Chlorine Injection Booster Pump B', 'Unit 14', 'Mae Moh Power Plant'),
('MMP-T14PCH40AP001', 'CTCS.CCW.Pump', 'Unit 14', 'Mae Moh Power Plant'),
('MMP-T14PGA91AP001', 'CCW.To CW.Booster Pump A Unit', 'Unit 14', 'Mae Moh Power Plant'),
('MMP-T14PGA91AP002', 'CCW.To CW.Booster Pump B Unit', 'Unit 14', 'Mae Moh Power Plant'),
('MMP-T14PGC01AP001', 'CCW.Pump#1 Unit', 'Unit 14', 'Mae Moh Power Plant'),
('MMP-T14PGC02AP001', 'CCW.Pump#2 Unit', 'Unit 14', 'Mae Moh Power Plant'),
('MMP-T14QEA08AN000', 'Air Comp.PLC Control Auto Chang Cabinet', 'Unit 14', 'Mae Moh Power Plant'),
('MMP-T14QEA08AN001', 'Air Comp.No.1 For Dedusting', 'Unit 14', 'Mae Moh Power Plant'),
('MMP-T14QEA08AN002', 'Air Comp.No.2 For Dedusting', 'Unit 14', 'Mae Moh Power Plant'),
('MMP-T14QEA08AN003', 'Air Comp.No.3 For De-Dusting', 'Unit 14', 'Mae Moh Power Plant'),
('MMP-T14QEA11AN001', 'Station Air Comp.QEA11', 'Unit 14', 'Mae Moh Power Plant'),
('MMP-T14QEA12AN001', 'Station Air Comp.QEA12', 'Unit 14', 'Mae Moh Power Plant'),
('MMP-T14QEA13AN001', 'Station Air Comp.QEA13', 'Unit 14', 'Mae Moh Power Plant'),
('MMP-T14QEA41AN001', 'Instrument Air Compressor 41', 'Unit 14', 'Mae Moh Power Plant'),
('MMP-T14QEA42AN001', 'Instrument Air Compressor 42', 'Unit 14', 'Mae Moh Power Plant'),
('MMP-T14QEA43AN001', 'Instrument Air Compressor 43', 'Unit 14', 'Mae Moh Power Plant'),
('MMP-T14QEA71AN001', 'Fly Ash Air Comp.QEA71', 'Unit 14', 'Mae Moh Power Plant'),
('MMP-T14QEA72AN001', 'Fly Ash Air Comp.QEA72', 'Unit 14', 'Mae Moh Power Plant'),
('MMP-T14QEA73AN001', 'Fly Ash Air Comp.QEA73', 'Unit 14', 'Mae Moh Power Plant'),
('MMP-T14QKB30AN001', 'B30 EF LV cable room (EF-01-01)', 'Unit 14', 'Mae Moh Power Plant'),
('MMP-T14QKB30AN002', 'B30 EF LV cable room (EF-01-02)', 'Unit 14', 'Mae Moh Power Plant'),
('MMP-T14QKB30AN003', 'B30 SEF LV cable room (SEF-01-01)', 'Unit 14', 'Mae Moh Power Plant'),
('MMP-T14QKB30AN004', 'B30 SEF LV cable room (SEF-01-02)', 'Unit 14', 'Mae Moh Power Plant'),
('MMP-T14QKB30AN005', 'B30 EF Battery room (EF-02-01)', 'Unit 14', 'Mae Moh Power Plant'),
('MMP-T14QKB30AN006', 'B30 EF Battery room (EF-02-02)', 'Unit 14', 'Mae Moh Power Plant'),
('MMP-T14QKB30AN007', 'B30 EF LV room (EF-02-03)', 'Unit 14', 'Mae Moh Power Plant'),
('MMP-T14QKB30AN008', 'B30 EF LV room (EF-02-04)', 'Unit 14', 'Mae Moh Power Plant'),
('MMP-T14QKB30AN009', 'B30 EF MV room (EF-02-05)', 'Unit 14', 'Mae Moh Power Plant'),
('MMP-T14QKB30AN010', 'B30 EF MV room (EF-02-06)', 'Unit 14', 'Mae Moh Power Plant'),
('MMP-T14QKB30AN011', 'B30 EF Higher cable room (EF-03-01)', 'Unit 14', 'Mae Moh Power Plant'),
('MMP-T14QKB30AN012', 'B30 EF Higher cable room (EF-03-02)', 'Unit 14', 'Mae Moh Power Plant'),
('MMP-T14QKB30AN013', 'B30 SEF Higher cable room (SEF-03-01)', 'Unit 14', 'Mae Moh Power Plant'),
('MMP-T14QKB30AN014', 'B30 SEF Higher cable room (SEF-03-02)', 'Unit 14', 'Mae Moh Power Plant'),
('MMP-T14QKB30AN015', 'B30 EF AHU room (EF-03-03)', 'Unit 14', 'Mae Moh Power Plant'),
('MMP-T14QKB30AN016', 'B30 EF AHU room (EF-03-04)', 'Unit 14', 'Mae Moh Power Plant'),
('MMP-T14QKB30AN017', 'B30 EF Control system room (EF-04-01)', 'Unit 14', 'Mae Moh Power Plant'),
('MMP-T14QKB30AN018', 'B30 EF Control system room (EF-04-02)', 'Unit 14', 'Mae Moh Power Plant'),
('MMP-T14QKB30AN019', 'B30 EF Offline system room (EF-04-03)', 'Unit 14', 'Mae Moh Power Plant'),
('MMP-T14QKB30AN020', 'B30 EF Offline system room (EF-04-04)', 'Unit 14', 'Mae Moh Power Plant'),
('MMP-T14QKB30AN021', 'B30 EF AHU room (EF-04-05)', 'Unit 14', 'Mae Moh Power Plant'),
('MMP-T14QKB30AN022', 'B30 EF AHU room (EF-04-06)', 'Unit 14', 'Mae Moh Power Plant'),
('MMP-T14QKB30AN023', 'B30 EF AHU room (EF-04-07)', 'Unit 14', 'Mae Moh Power Plant'),
('MMP-T14QKB30AN024', 'B30 EF LV room (EF-04-08)', 'Unit 14', 'Mae Moh Power Plant'),
('MMP-T14QKB30AN025', 'B30 EF 25 LV room (EF-04-09)', 'Unit 14', 'Mae Moh Power Plant'),
('MMP-T14QKB30AN026', 'B30 EF CCR (EF-05-01)', 'Unit 14', 'Mae Moh Power Plant'),
('MMP-T14QKB30AN027', 'B30 EF CCR (EF-05-02)', 'Unit 14', 'Mae Moh Power Plant'),
('MMP-T14QKB30AN028', 'B30 EF Observation room (EF-05-03)', 'Unit 14', 'Mae Moh Power Plant'),
('MMP-T14QKB30AN029', 'B30 EF Shift charge room (EF-05-04)', 'Unit 14', 'Mae Moh Power Plant'),
('MMP-T14QKB30AN030', 'B30 EF Conference room (EF-05-05)', 'Unit 14', 'Mae Moh Power Plant'),
('MMP-T14QKB30AN031', 'B30 EF Break room (EF-05-06)', 'Unit 14', 'Mae Moh Power Plant'),
('MMP-T14QKB30AN032', 'B30 EF Printer room (EF-05-07)', 'Unit 14', 'Mae Moh Power Plant'),
('MMP-T14QKB30AN033', 'B30 EF Programming room (EF-05-08)', 'Unit 14', 'Mae Moh Power Plant'),
('MMP-T14QKB30AN034', 'B30 EF Programming room (EF-05-09)', 'Unit 14', 'Mae Moh Power Plant'),
('MMP-T14QKB30AN035', 'B30 EF Server room (EF-05-10)', 'Unit 14', 'Mae Moh Power Plant'),
('MMP-T14QKB30AN036', 'B30 EF W/M sanitary room (EF-05-011)', 'Unit 14', 'Mae Moh Power Plant'),
('MMP-T14QKB30AN037', 'B30 Pressurized fan (PF-01)', 'Unit 14', 'Mae Moh Power Plant'),
('MMP-T14QKB35AN001', 'B35 EF (EF-02-01)', 'Unit 14', 'Mae Moh Power Plant'),
('MMP-T14QKB35AN002', 'B35 EF (EF-02-02)', 'Unit 14', 'Mae Moh Power Plant'),
('MMP-T14QKB35AN003', 'B35 EF (EF-02-03)', 'Unit 14', 'Mae Moh Power Plant'),
('MMP-T14QKB35AN004', 'B35 EF (EF-02-04)', 'Unit 14', 'Mae Moh Power Plant'),
('MMP-T14QKB35AN005', 'B35 EF (EF-R-01)', 'Unit 14', 'Mae Moh Power Plant'),
('MMP-T14QKB35AN006', 'B35 EF (EF-R-02)', 'Unit 14', 'Mae Moh Power Plant'),
('MMP-T14QKB35AP001', 'B35 Chiller water pump 1', 'Unit 14', 'Mae Moh Power Plant'),
('MMP-T14QKB35AP002', 'B35 Chiller water pump 2', 'Unit 14', 'Mae Moh Power Plant'),
('MMP-T14QKC30AP001', 'B30 Chilled water pump 1', 'Unit 14', 'Mae Moh Power Plant'),
('MMP-T14QKC30AP002', 'B30 Chilled water pump 2', 'Unit 14', 'Mae Moh Power Plant'),
('MMP-T14QKC30AP003', 'B30 Chilled water pump 3', 'Unit 14', 'Mae Moh Power Plant'),
('MMP-T14QSD10AP102', 'Waste Oil Pump A Unit', 'Unit 14', 'Mae Moh Power Plant'),
('MMP-T14QSD10AP103', 'Waste Oil Pump B Unit', 'Unit 14', 'Mae Moh Power Plant'),
('MMP-T14SAC01AN001', 'C46 FAN-1', 'Unit 14', 'Mae Moh Power Plant'),
('MMP-T14SAC01AN002', 'C46 FAN-2', 'Unit 14', 'Mae Moh Power Plant'),
('MMP-T14SAC01AN003', 'C46 FAN-3', 'Unit 14', 'Mae Moh Power Plant'),
('MMP-T14SAC04AN001', 'C08 FAN-1', 'Unit 14', 'Mae Moh Power Plant'),
('MMP-T14SAC04AN002', 'C08 FAN-2', 'Unit 14', 'Mae Moh Power Plant'),
('MMP-T14SAC06AN001', 'D08 FAN-1', 'Unit 14', 'Mae Moh Power Plant'),
('MMP-T14SAC06AN002', 'D08 FAN-2', 'Unit 14', 'Mae Moh Power Plant'),
('MMP-T14SAC06AN003', 'D08 FAN-3', 'Unit 14', 'Mae Moh Power Plant'),
('MMP-T14SAE08AN001', 'C08 CEIL MOUNTED EF-1', 'Unit 14', 'Mae Moh Power Plant'),
('MMP-T14SAE08AN002', 'C08 CEIL MOUNTED EF-2', 'Unit 14', 'Mae Moh Power Plant'),
('MMP-T14SAE08AN003', 'C08 Wall Fan EF-3', 'Unit 14', 'Mae Moh Power Plant'),
('MMP-T14SAE08AN004', 'C08 Wall Fan EF-4', 'Unit 14', 'Mae Moh Power Plant'),
('MMP-T14SAF04AN001', 'L04 WALL FAN OXIDATION (EF-1)', 'Unit 14', 'Mae Moh Power Plant'),
('MMP-T14SAF04AN002', 'L04 WALL FAN OXIDATION (EF-2)', 'Unit 14', 'Mae Moh Power Plant'),
('MMP-T14SAF04AN003', 'L04 WALL FAN OXIDATION (EF-3)', 'Unit 14', 'Mae Moh Power Plant'),
('MMP-T14SAF04AN004', 'L04 WALL FAN PUMP ROOM (EF-4)', 'Unit 14', 'Mae Moh Power Plant'),
('MMP-T14SAF04AN005', 'L04 WALL FAN PUMP ROOM (EF-5)', 'Unit 14', 'Mae Moh Power Plant'),
('MMP-T14SAF04AN006', 'L04 WALL FAN PUMP ROOM (EF-6)', 'Unit 14', 'Mae Moh Power Plant'),
('MMP-T14SAF04AN007', 'L04 WALL FAN PUMP ROOM (EF-7)', 'Unit 14', 'Mae Moh Power Plant'),
('MMP-T14SAF07AN001', 'L07 Exhaust Fan (SEF-1)', 'Unit 14', 'Mae Moh Power Plant'),
('MMP-T14SAF07AN002', 'L07 Exhaust Fan (EF-1)', 'Unit 14', 'Mae Moh Power Plant'),
('MMP-T14SAF07AN003', 'L07 Exhaust Fan (EF-2)', 'Unit 14', 'Mae Moh Power Plant'),
('MMP-T14SAF07AN004', 'L07 Exhaust Fan (EF-3)', 'Unit 14', 'Mae Moh Power Plant'),
('MMP-T14SAF07AN005', 'L07 Exhaust Fan (EF-4)', 'Unit 14', 'Mae Moh Power Plant'),
('MMP-T14SAF07AN006', 'L07 Exhaust Fan (EF-5)', 'Unit 14', 'Mae Moh Power Plant'),
('MMP-T14SAF07AN007', 'L07 Exhaust Fan (EF-6)', 'Unit 14', 'Mae Moh Power Plant'),
('MMP-T14SAF07AN008', 'L07 Exhaust Fan (EF-7)', 'Unit 14', 'Mae Moh Power Plant'),
('MMP-T14SAF07AN009', 'L07 Exhaust Fan (EF-8)', 'Unit 14', 'Mae Moh Power Plant'),
('MMP-T14SAF07AN010', 'L07 Exhaust Fan (EF-9)', 'Unit 14', 'Mae Moh Power Plant'),
('MMP-T14SAF07AN011', 'L07 Exhaust Fan (EF-10)', 'Unit 14', 'Mae Moh Power Plant'),
('MMP-T14SAF07AN012', 'L07 Exhaust Fan (EF-11)', 'Unit 14', 'Mae Moh Power Plant'),
('MMP-T14SAF07AN013', 'L07 Exhaust Fan (EF-12)', 'Unit 14', 'Mae Moh Power Plant'),
('MMP-T14SAF07AN014', 'L07 Exhaust Fan (EF-13)', 'Unit 14', 'Mae Moh Power Plant'),
('MMP-T14SAF07AN015', 'L07 Exhaust Fan (EF-14)', 'Unit 14', 'Mae Moh Power Plant'),
('MMP-T14SAF07AN016', 'L07 Exhaust Fan (EF-15)', 'Unit 14', 'Mae Moh Power Plant'),
('MMP-T14SAF07AN017', 'L07 Exhaust Fan (EF-16)', 'Unit 14', 'Mae Moh Power Plant'),
('MMP-T14SAF07AN018', 'L07 Exhaust Fan (EF-17)', 'Unit 14', 'Mae Moh Power Plant'),
('MMP-T14SAF07AN019', 'L07 Exhaust Fan (EF-18)', 'Unit 14', 'Mae Moh Power Plant'),
('MMP-T14SAF07AN020', 'L07 Exhaust Fan (EF-19)', 'Unit 14', 'Mae Moh Power Plant'),
('MMP-T14SAF07AN021', 'L07 Exhaust Fan (SEF-2)', 'Unit 14', 'Mae Moh Power Plant'),
('MMP-T14SAF07AN022', 'L07 Exhaust Fan (EF-20)', 'Unit 14', 'Mae Moh Power Plant'),
('MMP-T14SAF07AN023', 'L07 Exhaust Fan (EF-21)', 'Unit 14', 'Mae Moh Power Plant'),
('MMP-T14SAF07AN024', 'L07 Exhaust Fan (EF-22)', 'Unit 14', 'Mae Moh Power Plant'),
('MMP-T14SAF07AN025', 'L07 Exhaust Fan (EF-23)', 'Unit 14', 'Mae Moh Power Plant'),
('MMP-T14SAF07AN026', 'L07 Exhaust Fan (MEN 1)', 'Unit 14', 'Mae Moh Power Plant'),
('MMP-T14SAF07AN027', 'L07 Exhaust Fan (Room 2)', 'Unit 14', 'Mae Moh Power Plant'),
('MMP-T14SAF07AN028', 'L07 Exhaust Fan (EF-26)', 'Unit 14', 'Mae Moh Power Plant'),
('MMP-T14SAF07AN029', 'L07 Exhaust Fan (EF-27)', 'Unit 14', 'Mae Moh Power Plant'),
('MMP-T14SAF07AN030', 'L07 Exhaust Fan (EF-28)', 'Unit 14', 'Mae Moh Power Plant'),
('MMP-T14SAF07AN031', 'L07 Exhaust Fan (EF-29)', 'Unit 14', 'Mae Moh Power Plant'),
('MMP-T14SAF07AN032', 'L07 Exhaust Fan (EF-30)', 'Unit 14', 'Mae Moh Power Plant'),
('MMP-T14SAF07AN033', 'L07 Exhaust Fan (EF-31)', 'Unit 14', 'Mae Moh Power Plant'),
('MMP-T14SAF07AN034', 'L07 Exhaust Fan (EF-32)', 'Unit 14', 'Mae Moh Power Plant'),
('MMP-T14SAF07AN035', 'L07 Exhaust Fan (EF-33)', 'Unit 14', 'Mae Moh Power Plant'),
('MMP-T14SAF07AN036', 'L07 Exhaust Fan (EF-34)', 'Unit 14', 'Mae Moh Power Plant'),
('MMP-T14SAF07AN037', 'L07 Exhaust Fan (EF-35)', 'Unit 14', 'Mae Moh Power Plant'),
('MMP-T14SAF07AN038', 'L07 Exhaust Fan (EF-36)', 'Unit 14', 'Mae Moh Power Plant'),
('MMP-T14SAF07AN039', 'L07 Pressurized Fan (SMF-1)', 'Unit 14', 'Mae Moh Power Plant'),
('MMP-T14SAF07AP001', 'L07 Chiller Pump (PUMP-2)', 'Unit 14', 'Mae Moh Power Plant'),
('MMP-T14SAF07AP002', 'L07 Chiller Pump (PUMP-1)', 'Unit 14', 'Mae Moh Power Plant'),
('MMP-T14SAG05AN001', 'G05 CEILING MOUNTED EF-1', 'Unit 14', 'Mae Moh Power Plant'),
('MMP-T14SAG05AN002', 'G05 CEILING MOUNTED EF-2', 'Unit 14', 'Mae Moh Power Plant'),
('MMP-T14SAG05AN003', 'G05 CEILING MOUNTED EF-3', 'Unit 14', 'Mae Moh Power Plant'),
('MMP-T14SAG05AN004', 'G05 Wall Fan EF-4', 'Unit 14', 'Mae Moh Power Plant'),
('MMP-T14SAG05AN005', 'G05 Wall Fan EF-5', 'Unit 14', 'Mae Moh Power Plant'),
('MMP-T14SAG05AN006', 'G05 Wall Fan EF-6', 'Unit 14', 'Mae Moh Power Plant'),
('MMP-T14SAG05AN007', 'G05 Wall Fan EF-7', 'Unit 14', 'Mae Moh Power Plant'),
('MMP-T14SAG05AN008', 'G05 Wall Fan EF-8', 'Unit 14', 'Mae Moh Power Plant'),
('MMP-T14SAG05AN009', 'G05 Wall Fan EF-9', 'Unit 14', 'Mae Moh Power Plant'),
('MMP-T14SAG05AN010', 'G05 Wall Fan EF-10', 'Unit 14', 'Mae Moh Power Plant'),
('MMP-T14SAG05AN011', 'G05 Wall Fan EF-11', 'Unit 14', 'Mae Moh Power Plant'),
('MMP-T14SAG05AN012', 'G05 Wall Fan EF-12', 'Unit 14', 'Mae Moh Power Plant'),
('MMP-T14SAG05AN013', 'G05 Wall Fan EF-13', 'Unit 14', 'Mae Moh Power Plant'),
('MMP-T14SAG05AN014', 'G05 Wall Fan EF-14', 'Unit 14', 'Mae Moh Power Plant'),
('MMP-T14SAG05AN015', 'G05 Wall Fan EF-15', 'Unit 14', 'Mae Moh Power Plant'),
('MMP-T14SAG05AN016', 'G05 Wall Fan EF-16', 'Unit 14', 'Mae Moh Power Plant'),
('MMP-T14SAH10AN001', 'Tripper Room Ventilation Fan A', 'Unit 14', 'Mae Moh Power Plant'),
('MMP-T14SAH10AN002', 'Triper Gallery Fan B', 'Unit 14', 'Mae Moh Power Plant'),
('MMP-T14SAH10AN003', 'B01 AIRCONDITION INDOOR-AIRDISTRIBUTION', 'Unit 14', 'Mae Moh Power Plant'),
('MMP-T14SAH10AN004', 'B01 AIRCONDITION INDOOR-AIRDISTRIBUTION', 'Unit 14', 'Mae Moh Power Plant'),
('MMP-T14SAM40AN001', 'D08 EF-1', 'Unit 14', 'Mae Moh Power Plant'),
('MMP-T14SAM40AN002', 'D08 EF-2', 'Unit 14', 'Mae Moh Power Plant'),
('MMP-T14SAM63AN001', 'B63 Roof Fan No.1 (RF-1, SPH-1)', 'Unit 14', 'Mae Moh Power Plant'),
('MMP-T14SAM63AN002', 'B63 Roof Fan No.1 (RF-2, SPH-2)', 'Unit 14', 'Mae Moh Power Plant'),
('MMP-T14SAM63AN003', 'B63 Roof Fan No.1 (RF-3, SPH-3)', 'Unit 14', 'Mae Moh Power Plant'),
('MMP-T14SAM63AN004', 'B63 Roof Fan No.1 (RF-4, SPH-4)', 'Unit 14', 'Mae Moh Power Plant'),
('MMP-T14SAM63AN005', 'B63 Roof Fan No.1 (RF-5, SPH-5)', 'Unit 14', 'Mae Moh Power Plant'),
('MMP-T14SAM63AN006', 'B63 Roof Fan No.1 (RF-6, SPH-6)', 'Unit 14', 'Mae Moh Power Plant'),
('MMP-T14SAM63AN007', 'B63 Roof Fan No.1 (RF-7, SPH-7)', 'Unit 14', 'Mae Moh Power Plant'),
('MMP-T14SAM63AN008', 'B63 Roof Fan No.1 (RF-8, SPH-8)', 'Unit 14', 'Mae Moh Power Plant'),
('MMP-T14SAM63AN009', 'B63 Roof Fan No.1 (RF-9, SPH-9)', 'Unit 14', 'Mae Moh Power Plant'),
('MMP-T14SAM63AN010', 'B63 Roof Fan No.1 (RF-10, SPH-10)', 'Unit 14', 'Mae Moh Power Plant'),
('MMP-T14SAM63AN011', 'B63 Roof Fan No.1 (RF-11, SPH-11)', 'Unit 14', 'Mae Moh Power Plant'),
('MMP-T14SAM63AN012', 'B63 Roof Fan No.1 (RF-12, SPH-12)', 'Unit 14', 'Mae Moh Power Plant'),
('MMP-T14SAM63AN013', 'B63 Roof Fan No.1 (RF-13, SPH-13)', 'Unit 14', 'Mae Moh Power Plant'),
('MMP-T14SAM63AN014', 'B63 Roof Fan No.1 (RF-14, SPH-14)', 'Unit 14', 'Mae Moh Power Plant'),
('MMP-T14SAM63AN015', 'B63 Roof Fan No.1 (RF-15, SPH-15)', 'Unit 14', 'Mae Moh Power Plant'),
('MMP-T14SAM63AN016', 'B63 Roof Fan No.1 (RF-16, SPH-16)', 'Unit 14', 'Mae Moh Power Plant'),
('MMP-T14SAM63AN017', 'B63 Roof Fan No.1 (RF-17, SPH-17)', 'Unit 14', 'Mae Moh Power Plant'),
('MMP-T14SAM63AN018', 'B63 Roof Fan No.1 (RF-18, SPH-18)', 'Unit 14', 'Mae Moh Power Plant'),
('MMP-T14SAM63AN019', 'B63 Roof Fan No.1 (RF-19, SPH-19)', 'Unit 14', 'Mae Moh Power Plant'),
('MMP-T14SAM63AN020', 'B63 Roof Fan No.1 (RF-20, SPH-20)', 'Unit 14', 'Mae Moh Power Plant'),
('MMP-T14SAM63AN021', 'B63 Roof Fan No.1 (RF-21, SPH-21)', 'Unit 14', 'Mae Moh Power Plant'),
('MMP-T14SAM63AN022', 'B63 Roof Fan No.1 (RF-22, SPH-22)', 'Unit 14', 'Mae Moh Power Plant'),
('MMP-T14SAM63AN023', 'B63 Exhaust Fan (EF-1)', 'Unit 14', 'Mae Moh Power Plant'),
('MMP-T14SAM63AN024', 'B63 Exhaust Fan (EF-2)', 'Unit 14', 'Mae Moh Power Plant'),
('MMP-T14SAM63AN025', 'B63 Supply Fan (SF-1)', 'Unit 14', 'Mae Moh Power Plant'),
('MMP-T14SAM63AN026', 'B63 Supply Fan (SF-2)', 'Unit 14', 'Mae Moh Power Plant'),
('MMP-T14SAM63AN027', 'B63 Exhaust Fan (EF-3)', 'Unit 14', 'Mae Moh Power Plant'),
('MMP-T14SAM63AN028', 'B63 Exhaust Fan (EF-4)', 'Unit 14', 'Mae Moh Power Plant'),
('MMP-T14SAM63AN029', 'B63 Exhaust Fan (EF-5)', 'Unit 14', 'Mae Moh Power Plant'),
('MMP-T14SAM63AN030', 'B63 Exhaust Fan (EF-6)', 'Unit 14', 'Mae Moh Power Plant'),
('MMP-T14SAM63AN031', 'B63 Exhaust Fan EL + 0.00 (Toilet Room)', 'Unit 14', 'Mae Moh Power Plant'),
('MMP-T14SAM63AN032', 'B63 Exhaust Fan EL + 14.00 (Toilet Room)', 'Unit 14', 'Mae Moh Power Plant'),
('MMP-T14SAM63AN033', 'B63 Pressurized Fan (SMF-1)', 'Unit 14', 'Mae Moh Power Plant'),
('MMP-T14SAM95AN001', 'B95 EF', 'Unit 14', 'Mae Moh Power Plant'),
('MMP-T14SAQ42AN001', 'G42 Tube Axial Fan EF-1', 'Unit 14', 'Mae Moh Power Plant'),
('MMP-T14SAQ42AN002', 'G42 Tube Axial Fan EF-2', 'Unit 14', 'Mae Moh Power Plant'),
('MMP-T14SAQ42AN003', 'G42 Wall Fan EF-3', 'Unit 14', 'Mae Moh Power Plant'),
('MMP-T14SAQ42AN004', 'G42 Wall Fan EF-4', 'Unit 14', 'Mae Moh Power Plant'),
('MMP-T14SAQ42AN005', 'G42 Wall Fan EF-5', 'Unit 14', 'Mae Moh Power Plant'),
('MMP-T14SAQ42AN006', 'G42 Wall Fan EF-6', 'Unit 14', 'Mae Moh Power Plant'),
('MMP-T14SAR06AN001', 'E06 CEILING MOUNTED EF-1', 'Unit 14', 'Mae Moh Power Plant'),
('MMP-T14SAR06AN002', 'E06 Wall Fan EF-2', 'Unit 14', 'Mae Moh Power Plant'),
('MMP-T14SAR06AN003', 'E06 Wall Fan EF-3', 'Unit 14', 'Mae Moh Power Plant'),
('MMP-T14SAR06AN004', 'E06 Wall Fan EF-4', 'Unit 14', 'Mae Moh Power Plant'),
('MMP-T14SAR07AN011', 'E07 EF-1', 'Unit 14', 'Mae Moh Power Plant'),
('MMP-T14SAR07AN012', 'E07 EF-2', 'Unit 14', 'Mae Moh Power Plant'),
('MMP-T14SAT08AN001', 'G08 Wall Fan EF-1', 'Unit 14', 'Mae Moh Power Plant'),
('MMP-T14SAT08AN002', 'G08 Wall Fan EF-2', 'Unit 14', 'Mae Moh Power Plant'),
('MMP-T14SAT08AN003', 'G08 Wall Fan EF-3', 'Unit 14', 'Mae Moh Power Plant'),
('MMP-T14SAT08AN004', 'G08 Wall Fan EF-4', 'Unit 14', 'Mae Moh Power Plant'),
('MMP-T14SAT20AN001', 'D20 Wall Fan EF-1', 'Unit 14', 'Mae Moh Power Plant'),
('MMP-T14SAT20AN002', 'D20 Wall Fan EF-2', 'Unit 14', 'Mae Moh Power Plant'),
('MMP-T14SAT20AN003', 'D20 Wall Fan EF-3', 'Unit 14', 'Mae Moh Power Plant'),
('MMP-T14SAT20AN004', 'D20 Wall Fan EF-4', 'Unit 14', 'Mae Moh Power Plant'),
('MMP-T14SAT89AN001', 'B89 Natural RF-1', 'Unit 14', 'Mae Moh Power Plant'),
('MMP-T14SAT89AN002', 'B89 Natural RF-2', 'Unit 14', 'Mae Moh Power Plant'),
('MMP-T14SAT89AN003', 'B89 Natural RF-3', 'Unit 14', 'Mae Moh Power Plant'),
('MMP-T14SAT89AN004', 'B89 Natural RF-4', 'Unit 14', 'Mae Moh Power Plant'),
('MMP-T14SAT89AN005', 'B89 Natural RF-5', 'Unit 14', 'Mae Moh Power Plant'),
('MMP-T14SAT89AN006', 'B89 Natural RF-6', 'Unit 14', 'Mae Moh Power Plant'),
('MMP-T14SAU04AN001', 'K04 CEILING MOUNTED FAN EF-1', 'Unit 14', 'Mae Moh Power Plant'),
('MMP-T14SAU04AN002', 'K04 CEILING MOUNTED FAN EF-2', 'Unit 14', 'Mae Moh Power Plant'),
('MMP-T14SAU04AN003', 'K04 CEILING MOUNTED FAN EF-3', 'Unit 14', 'Mae Moh Power Plant'),
('MMP-T14SAU60AN001', 'G60 Wall Fan EF-1', 'Unit 14', 'Mae Moh Power Plant'),
('MMP-T14SAU60AN002', 'G60 Wall Fan EF-2', 'Unit 14', 'Mae Moh Power Plant'),
('MMP-T14SGA10AP001', 'Jockey Fire Pump', 'Unit 14', 'Mae Moh Power Plant'),
('MMP-T14SGA11AP001', 'Electric Driven Fire Pump', 'Unit 14', 'Mae Moh Power Plant'),
('MMP-T14SGA12AP001', 'Diesel Engine Driven Fire Pump', 'Unit 14', 'Mae Moh Power Plant'),
('MMP-T14SGA78AP001', 'Jockey Pump(To Boiler) Unit', 'Unit 14', 'Mae Moh Power Plant'),
('MMP-T14SGA78AP002', 'Electric Fire Pump(To Boiler) Unit', 'Unit 14', 'Mae Moh Power Plant'),
('MMP-T14SGA78AP003', 'FFW.BUF.Fire Pmp.Diesel Engine Driv.Unit', 'Unit 14', 'Mae Moh Power Plant'),
('MMP-T14UCB01AN001', 'C46 VENTILATION FAN-1 (EF-ME-01)', 'Unit 14', 'Mae Moh Power Plant'),
('MMP-T14UCB01AN002', 'C46 VENTILATION FAN-2 (EF-ME-02)', 'Unit 14', 'Mae Moh Power Plant'),
('MMP-T14UCB01AN003', 'C46 VENTILATION FAN-3 (EF-ME-03)', 'Unit 14', 'Mae Moh Power Plant'),
('MMP-T14UCB01AN004', 'C46 VENTILATION FAN-4 (EF-ME-04)', 'Unit 14', 'Mae Moh Power Plant'),
('MMP-T14UCB01AN005', 'C46 VENTILATION FAN-5 (FF-EE-01)', 'Unit 14', 'Mae Moh Power Plant'),
('MMP-T14UCB01AN006', 'C46 VENTILATION FAN-6 (EF-EE-01)', 'Unit 14', 'Mae Moh Power Plant'),
('MMP-T14UCB01AN007', 'C46 VENTILATION FAN-7 (FF-EE-02)', 'Unit 14', 'Mae Moh Power Plant'),
('MMP-T14UCB01AN008', 'C46 VENTILATION FAN-8 (EF-EE-02)', 'Unit 14', 'Mae Moh Power Plant'),
('MMP-T14UCB01AN009', 'C46 VENTILATION FAN-9 (EF-TF1-01)', 'Unit 14', 'Mae Moh Power Plant'),
('MMP-T14UCB01AN010', 'C46 VENTILATION FAN-10 (EF-TF2-01)', 'Unit 14', 'Mae Moh Power Plant'),
('MMP-T14UCB01AN011', 'C46 VENTILATION FAN-11 (EF-BT-01)', 'Unit 14', 'Mae Moh Power Plant'),
('MMP-T14UCB01AN012', 'C46 VENTILATION FAN-12 (EF-BT-02)', 'Unit 14', 'Mae Moh Power Plant'),
('MMP-T14XAV02AN001', 'TDBFP.1 Lube Oil Tank Vapor Ext.001 Unit', 'Unit 14', 'Mae Moh Power Plant'),
('MMP-T14XAV02AN002', 'TDBFP.1 Lube Oil Tank Vapor Ext.002 Unit', 'Unit 14', 'Mae Moh Power Plant'),
('MMP-T14XAV21AP021', 'TDBFP.1 Auxiliary Oil Pump 021', 'Unit 14', 'Mae Moh Power Plant'),
('MMP-T14XAV21AP022', 'TDBFP.1 Auxiliary Oil Pump 022', 'Unit 14', 'Mae Moh Power Plant'),
('MMP-T14XAV21AP031', 'TDBFP.1 Emergency Oil Pump', 'Unit 14', 'Mae Moh Power Plant'),
('MMP-T14XAV50AP001', 'TDBFP.1 Jacking Oil Pump 001', 'Unit 14', 'Mae Moh Power Plant'),
('MMP-T14XAV50AP002', 'TDBFP.1 Jacking Oil Pump 002', 'Unit 14', 'Mae Moh Power Plant'),
('MMP-T14XAV92AP001', 'TDBFP.1 Oil Conditioning Unit Feed Pump', 'Unit 14', 'Mae Moh Power Plant'),
('MMP-T14XAX11AP001', 'TDBFP.1 Hydraulic Pump 1 Unit', 'Unit 14', 'Mae Moh Power Plant'),
('MMP-T14XAX11AP002', 'TDBFP.1 Hydraulic Pump 2 Unit', 'Unit 14', 'Mae Moh Power Plant'),
('MMP-T14XAX11AP011', 'TDBFP.1 Hydraulic Pump 011', 'Unit 14', 'Mae Moh Power Plant'),
('MMP-T14XAX11AP012', 'TDBFP.1 Hydraulic Pump 012', 'Unit 14', 'Mae Moh Power Plant'),
('MMP-T14XAX11AP021', 'TDBFP.1 Hydr.Conditioning Hydr.Pump 1', 'Unit 14', 'Mae Moh Power Plant'),
('MMP-T14XAX11AP022', 'TDBFP.1 Hydr.Conditioning Hydr.Pump 2', 'Unit 14', 'Mae Moh Power Plant'),
('MMP-T14XAX96AP001', 'TDBFP.1 Hydr.Regen.Hydr.Pump', 'Unit 14', 'Mae Moh Power Plant'),
('MMP-T14XKA03AP001', 'Emergency Diesel Generator', 'Unit 14', 'Mae Moh Power Plant'),
('MMP-T14XKA10AN102', 'Axial Flow Fan Mot.1 21M2', 'Unit 14', 'Mae Moh Power Plant'),
('MMP-T14XKA10AN103', 'Axial Flow Fan Mot.2 21M3', 'Unit 14', 'Mae Moh Power Plant'),
('MMP-T14XKA10AN201', 'Fuel Cooler Motor 22M1', 'Unit 14', 'Mae Moh Power Plant'),
('MMP-T14XKA10AN202', 'Cooling Fan 22M2', 'Unit 14', 'Mae Moh Power Plant'),
('MMP-T14XKA10AN401', 'Radiator Fan No.1 24M1', 'Unit 14', 'Mae Moh Power Plant'),
('MMP-T14XKA10AN402', 'Radiator Fan No.2 24M2', 'Unit 14', 'Mae Moh Power Plant'),
('MMP-T14XKA10AN403', 'Radiator Fan No.7 24M3', 'Unit 14', 'Mae Moh Power Plant'),
('MMP-T14XKA10AN404', 'Radiator Fan No.8 24M4', 'Unit 14', 'Mae Moh Power Plant'),
('MMP-T14XKA10AN501', 'Radiator Fan No.3 25M1', 'Unit 14', 'Mae Moh Power Plant'),
('MMP-T14XKA10AN502', 'Radiator Fan No.4 25M2', 'Unit 14', 'Mae Moh Power Plant'),
('MMP-T14XKA10AN503', 'Radiator Fan No.9 25M3', 'Unit 14', 'Mae Moh Power Plant'),
('MMP-T14XKA10AN504', 'Radiator Fan No.10 25M4', 'Unit 14', 'Mae Moh Power Plant'),
('MMP-T14XKA10AN601', 'Radiator Fan No.5 26M1', 'Unit 14', 'Mae Moh Power Plant'),
('MMP-T14XKA10AN602', 'Radiator Fan No.6 26M2', 'Unit 14', 'Mae Moh Power Plant'),
('MMP-T14XKA10AN603', 'Radiator Fan No.11 26M3', 'Unit 14', 'Mae Moh Power Plant'),
('MMP-T14XKA10AN604', 'Radiator Fan No.12 26M4', 'Unit 14', 'Mae Moh Power Plant'),
('MMP-T14XKA10AP001', 'EDG.CT. Cold Wtr.Outlet Bstr.Pump', 'Unit 14', 'Mae Moh Power Plant'),
('MMP-T14XKA10AP203', 'Water Pump 22M3 Unit', 'Unit 14', 'Mae Moh Power Plant'),
('MMP-T14XKA31AN001', 'EDG.Recirculating Air Compressor 1', 'Unit 14', 'Mae Moh Power Plant'),
('MMP-T14XKA31AN002', 'EDG.Recirculating Air Compressor 2', 'Unit 14', 'Mae Moh Power Plant'),
('MMP-T14XKA32AN001', 'EDG.Recirculating Air Comp.2', 'Unit 14', 'Mae Moh Power Plant'),
('MMP-T14XKF11AP001', 'EDG.Cooling Tower Circulating Pump', 'Unit 14', 'Mae Moh Power Plant'),
('MMP-T14YAV02AN001', 'TDBFP.2 Lube Oil Tank Vapor Ext.001 Unit', 'Unit 14', 'Mae Moh Power Plant'),
('MMP-T14YAV02AN002', 'TDBFP.2 Lube Oil Tank Vapor Ext.002 Unit', 'Unit 14', 'Mae Moh Power Plant'),
('MMP-T14YAV21AP021', 'TDBFP.2 Auxiliary Oil Pump 021', 'Unit 14', 'Mae Moh Power Plant'),
('MMP-T14YAV21AP022', 'TDBFP.2 Auxiliary Oil Pump 022', 'Unit 14', 'Mae Moh Power Plant'),
('MMP-T14YAV21AP031', 'TDBFP.2 Emergency Oil Pump', 'Unit 14', 'Mae Moh Power Plant'),
('MMP-T14YAV50AP001', 'TDBFP.2 Jacking Oil Pump 001', 'Unit 14', 'Mae Moh Power Plant'),
('MMP-T14YAV50AP002', 'TDBFP.2 Jacking Oil Pump 002', 'Unit 14', 'Mae Moh Power Plant'),
('MMP-T14YAV92AP001', 'TDBFP.2 Oil Conditioning Unit Feed Pump', 'Unit 14', 'Mae Moh Power Plant'),
('MMP-T14YAX11AP001', 'TDBFP.2 Hydraulic Pump 1 Unit', 'Unit 14', 'Mae Moh Power Plant'),
('MMP-T14YAX11AP002', 'TDBFP.2 Hydraulic Pump 2 Unit', 'Unit 14', 'Mae Moh Power Plant'),
('MMP-T14YAX11AP011', 'TDBFP.2 Hydraulic Pump 011', 'Unit 14', 'Mae Moh Power Plant'),
('MMP-T14YAX11AP012', 'TDBFP.2 Hydraulic Pump 012', 'Unit 14', 'Mae Moh Power Plant'),
('MMP-T14YAX11AP021', 'TDBFP.2 Hydr.Conditioning Hydr.Pump 1', 'Unit 14', 'Mae Moh Power Plant'),
('MMP-T14YAX11AP022', 'TDBFP.2 Hydr.Conditioning Hydr.Pump 2', 'Unit 14', 'Mae Moh Power Plant'),
('MMP-T14YAX96AP001', 'TDBFP.2 Hydr.Regen.Hydr.Pump', 'Unit 14', 'Mae Moh Power Plant'),
('MMP-T14ZAA01AN001', 'Work Shop Air Compressor Unit', 'Unit 14', 'Mae Moh Power Plant'),
('MMP-T45HTJ06AN001', 'Dust Collector Fan', 'Unit 45', 'Mae Moh Power Plant'),
('MMP-T45HTK13AP001', 'Reagent Feed Pump#1', 'Unit 45', 'Mae Moh Power Plant'),
('MMP-T45HTK15AP001', 'Reagent Feed Pump#2', 'Unit 45', 'Mae Moh Power Plant'),
('MMP-T45HTK31AP010', 'WBM.Low Pressure Oil Pump', 'Unit 45', 'Mae Moh Power Plant'),
('MMP-T45HTK31AP011', 'High Pressure Oil Pump', 'Unit 45', 'Mae Moh Power Plant'),
('MMP-T45HTK35AP001', 'Mill Recycle Pump No.1', 'Unit 45', 'Mae Moh Power Plant'),
('MMP-T45HTK37AP001', 'Mill Recycle Pump No.2', 'Unit 45', 'Mae Moh Power Plant'),
('MMP-T47HTQ01AP001', 'Raw  Water Pump #1', 'Unit 47', 'Mae Moh Power Plant'),
('MMP-T47HTQ03AP001', 'Raw  Water Pump #2', 'Unit 47', 'Mae Moh Power Plant'),
('MMP-T47HTQ11AP001', 'Process Water Pump #1', 'Unit 47', 'Mae Moh Power Plant'),
('MMP-T47HTQ13AP001', 'Process Water Pump #2', 'Unit 47', 'Mae Moh Power Plant'),
('MMP-T47HTQ15AP001', 'Process Water Pump #3', 'Unit 47', 'Mae Moh Power Plant'),
('MMP-T47HTQ17AP001', 'Process Water Pump #4', 'Unit 47', 'Mae Moh Power Plant'),
('MMP-T47HTQ21AP001', 'Reclaimed Water Pump No.1', 'Unit 47', 'Mae Moh Power Plant'),
('MMP-T47HTQ23AP001', 'Reclaimed Water Pump No.2', 'Unit 47', 'Mae Moh Power Plant'),
('MMP-T47HTT31AP001', 'Reagent Prep.Drain Pit Pump No.1', 'Unit 47', 'Mae Moh Power Plant'),
('MMP-T47HTT32AP001', 'Reagent Prep.Drain Pit Pump No.2', 'Unit 47', 'Mae Moh Power Plant'),
('MMP-T47PGF01AP001', 'Sulphuric Acid Pump', 'Unit 47', 'Mae Moh Power Plant'),
('MMP-T47PGF04AP001', 'Sodium Hypo. Pump', 'Unit 47', 'Mae Moh Power Plant'),
('MMP-T47PGF07AP001', 'Corrosion Inhib. Pump', 'Unit 47', 'Mae Moh Power Plant'),
('MMP-T47PGF15AP001', 'CCCW.Pump #2', 'Unit 47', 'Mae Moh Power Plant'),
('MMP-T47PGF17AP001', 'CCCW.Pump #1', 'Unit 47', 'Mae Moh Power Plant'),
('MMP-T47PGF22AN001', 'CCCW. Cooling Tower Fan #1', 'Unit 47', 'Mae Moh Power Plant'),
('MMP-T47PGF22AN002', 'CCCW. Cooling Tower Fan #2', 'Unit 47', 'Mae Moh Power Plant'),
('MMP-T47PGF22AN003', 'CCCW. Cooling Tower Fan #3', 'Unit 47', 'Mae Moh Power Plant'),
('MMP-T47SCF31AN001', 'FGD Area Service Air Comp.#3 (Lime)', 'Unit 47', 'Mae Moh Power Plant'),
('MMP-T47SCF31AP001', 'FGD Area Serv.Air Comp.#3 Oil Pump', 'Unit 47', 'Mae Moh Power Plant'),
('MMP-T47SCF41AN001', 'FGD Area Service Air Comp.#4 (Lime)', 'Unit 47', 'Mae Moh Power Plant'),
('MMP-T47SCF41AP001', 'FGD Area Serv.Air Comp.#4 Oil Pump', 'Unit 47', 'Mae Moh Power Plant'),
('MMP-T67HTJ06AN001', 'Dust Collector Fan', 'Unit 67', 'Mae Moh Power Plant'),
('MMP-T67HTK13AP001', 'Reagent Feed Pump#1', 'Unit 67', 'Mae Moh Power Plant'),
('MMP-T67HTK15AP001', 'Reagent Feed Pump#2', 'Unit 67', 'Mae Moh Power Plant'),
('MMP-T67HTK31AP010', 'WBM.Low Pressure Oil Pump', 'Unit 67', 'Mae Moh Power Plant'),
('MMP-T67HTK31AP011', 'High Pressure Oil Pump', 'Unit 67', 'Mae Moh Power Plant'),
('MMP-T67HTK35AP001', 'Mill Recycle Pump No.1', 'Unit 67', 'Mae Moh Power Plant'),
('MMP-T67HTK37AP001', 'Mill Recycle Pump No.2', 'Unit 67', 'Mae Moh Power Plant');

INSERT INTO machine_config (kks, measurement_point, measurement_interval) VALUES
('MMP-T00HTJ06AN001', 8, 10),
('MMP-T00HTK24AP001', 8, 10),
('MMP-T00HTK26AP001', 8, 10),
('MMP-T00HTK31AP010', 8, 10),
('MMP-T00HTK31AP011', 8, 10),
('MMP-T00HTK35AP001', 8, 10),
('MMP-T00HTK37AP001', 8, 10),
('MMP-T00HTQ16AP001', 8, 10),
('MMP-T00HTQ17AP001', 8, 10),
('MMP-T00HTQ18AP001', 8, 10),
('MMP-T00HTQ19AP001', 8, 10),
('MMP-T00HTQ20AP001', 8, 10),
('MMP-T00HTQ21AP001', 8, 10),
('MMP-T00HTQ22AP001', 8, 10),
('MMP-T00HTQ24AP001', 8, 10),
('MMP-T14BAA20AN001', 8, 10),
('MMP-T14BAA20AN002', 8, 10),
('MMP-T14BAT11AN701', 8, 10),
('MMP-T14BAT11AP001', 8, 10),
('MMP-T14BAT12AN701', 8, 10),
('MMP-T14BAT12AP001', 8, 10),
('MMP-T14BAT13AN701', 8, 10),
('MMP-T14BAT13AP001', 8, 10),
('MMP-T14BBT10AN001', 8, 10),
('MMP-T14BCT10AN700', 8, 10),
('MMP-T14BCT20AN700', 8, 10),
('MMP-T14BHH08AN104', 8, 10),
('MMP-T14BHH08AN105', 8, 10),
('MMP-T14EBE01AN001', 8, 10),
('MMP-T14EBE02AN001', 8, 10),
('MMP-T14EBE03AN001', 8, 10),
('MMP-T14EBE04AN001', 8, 10),
('MMP-T14EBE05AN001', 8, 10),
('MMP-T14EBE06AN001', 8, 10),
('MMP-T14EBE07AN001', 8, 10),
('MMP-T14EGC31AP001', 8, 10),
('MMP-T14EGC32AP001', 8, 10),
('MMP-T14EGC33AP001', 8, 10),
('MMP-T14EGC41AP001', 8, 10),
('MMP-T14EGC42AP001', 8, 10),
('MMP-T14ETG72AN001', 8, 10),
('MMP-T14ETG73AN001', 8, 10),
('MMP-T14ETG76AN006', 8, 10),
('MMP-T14ETG81AN001', 8, 10),
('MMP-T14ETP72AN001', 8, 10),
('MMP-T14ETP91AN001', 8, 10),
('MMP-T14ETP91AN011', 8, 10),
('MMP-T14ETP92AN001', 8, 10),
('MMP-T14ETP92AN011', 8, 10),
('MMP-T14GAF11AP001', 8, 10),
('MMP-T14GAF12AP001', 8, 10),
('MMP-T14GAF21AP001', 8, 10),
('MMP-T14GAF22AP001', 8, 10),
('MMP-T14GAF51AP001', 8, 10),
('MMP-T14GAF52AP001', 8, 10),
('MMP-T14GAF53AP001', 8, 10),
('MMP-T14GAF54AP001', 8, 10),
('MMP-T14GBB11AP001', 8, 10),
('MMP-T14GBB12AP001', 8, 10),
('MMP-T14GBB51AP001', 8, 10),
('MMP-T14GCK11AP001', 8, 10),
('MMP-T14GCK12AP001', 8, 10),
('MMP-T14GCK13AP001', 8, 10),
('MMP-T14GCK14AP001', 8, 10),
('MMP-T14GCK15AP001', 8, 10),
('MMP-T14GCK16AP001', 8, 10),
('MMP-T14GCK21AP001', 8, 10),
('MMP-T14GCK22AP001', 8, 10),
('MMP-T14GCK23AP001', 8, 10),
('MMP-T14GCK24AP001', 8, 10),
('MMP-T14GCK31AP001', 8, 10),
('MMP-T14GCK32AP001', 8, 10),
('MMP-T14GCK41AP001', 8, 10),
('MMP-T14GCK42AP001', 8, 10),
('MMP-T14GCK51AP001', 8, 10),
('MMP-T14GCK52AP001', 8, 10),
('MMP-T14GCK53AP001', 8, 10),
('MMP-T14GCK54AP001', 8, 10),
('MMP-T14GCK61AP001', 8, 10),
('MMP-T14GCK62AP001', 8, 10),
('MMP-T14GCK63AP001', 8, 10),
('MMP-T14GCN11AP001', 8, 10),
('MMP-T14GCN12AP001', 8, 10),
('MMP-T14GCN13AP001', 8, 10),
('MMP-T14GCN14AP001', 8, 10),
('MMP-T14GCN20AP001', 8, 10),
('MMP-T14GCN21AP001', 8, 10),
('MMP-T14GCN22AP001', 8, 10),
('MMP-T14GCN23AP001', 8, 10),
('MMP-T14GCN31AP001', 8, 10),
('MMP-T14GCN32AP001', 8, 10),
('MMP-T14GCN40AP001', 8, 10),
('MMP-T14GCN41AP001', 8, 10),
('MMP-T14GCN42AP001', 8, 10),
('MMP-T14GCN43AP001', 8, 10),
('MMP-T14GCN51AP001', 8, 10),
('MMP-T14GCN52AP001', 8, 10),
('MMP-T14GCN53AP001', 8, 10),
('MMP-T14GCN54AP001', 8, 10),
('MMP-T14GCN55AP001', 8, 10),
('MMP-T14GCN56AP001', 8, 10),
('MMP-T14GCN61AP001', 8, 10),
('MMP-T14GCN62AP001', 8, 10),
('MMP-T14GCN63AP001', 8, 10),
('MMP-T14GCN64AP001', 8, 10),
('MMP-T14GCN71AP001', 8, 10),
('MMP-T14GCN72AP001', 8, 10),
('MMP-T14GCN81AP001', 8, 10),
('MMP-T14GCN82AP001', 8, 10),
('MMP-T14GCR11AP001', 8, 10),
('MMP-T14GCR12AP001', 8, 10),
('MMP-T14GCR21AP001', 8, 10),
('MMP-T14GCR22AP001', 8, 10),
('MMP-T14GCY31AN001', 8, 10),
('MMP-T14GCY31AN002', 8, 10),
('MMP-T14GCY32AN001', 8, 10),
('MMP-T14GCY32AN002', 8, 10),
('MMP-T14GHA21AP001', 8, 10),
('MMP-T14GHA22AP001', 8, 10),
('MMP-T14GHA23AP001', 8, 10),
('MMP-T14GHC31AP001', 8, 10),
('MMP-T14GHC32AP001', 8, 10),
('MMP-T14GHC41AP001', 8, 10),
('MMP-T14GHH10AP001', 8, 10),
('MMP-T14GHH10AP002', 8, 10),
('MMP-T14GKB01AP001', 8, 10),
('MMP-T14GKB01AP002', 8, 10),
('MMP-T14GKC21AP001', 8, 10),
('MMP-T14GKC22AP001', 8, 10),
('MMP-T14GKT15AP011', 8, 10),
('MMP-T14GMA21AP001', 8, 10),
('MMP-T14GMA22AP001', 8, 10),
('MMP-T14GMA42AP001', 8, 10),
('MMP-T14GMA43AP001', 8, 10),
('MMP-T14GMA52AP001', 8, 10),
('MMP-T14GMA53AP001', 8, 10),
('MMP-T14GMA62AP001', 8, 10),
('MMP-T14GMA63AP001', 8, 10),
('MMP-T14GMA72AP001', 8, 10),
('MMP-T14GMA73AP001', 8, 10),
('MMP-T14GMC41AP001', 8, 10),
('MMP-T14GMC41AP002', 8, 10),
('MMP-T14GMC42AP001', 8, 10),
('MMP-T14GMC42AP002', 8, 10),
('MMP-T14GMC61AP001', 8, 10),
('MMP-T14GMC61AP002', 8, 10),
('MMP-T14GMC62AP001', 8, 10),
('MMP-T14GMC62AP002', 8, 10),
('MMP-T14GMC63AP001', 8, 10),
('MMP-T14GMC63AP002', 8, 10),
('MMP-T14GMC64AP001', 8, 10),
('MMP-T14GMC64AP002', 8, 10),
('MMP-T14GMH11AP001', 8, 10),
('MMP-T14GMH12AP001', 8, 10),
('MMP-T14GMH21AP001', 8, 10),
('MMP-T14GMH22AP001', 8, 10),
('MMP-T14GMH31AP001', 8, 10),
('MMP-T14GMH32AP001', 8, 10),
('MMP-T14GNN11AP001', 8, 10),
('MMP-T14GNN21AP001', 8, 10),
('MMP-T14GNN22AP001', 8, 10),
('MMP-T14GNN23AP001', 8, 10),
('MMP-T14GNN23AP002', 8, 10),
('MMP-T14GNN24AP001', 8, 10),
('MMP-T14GNN24AP002', 8, 10),
('MMP-T14GNN41AP001', 8, 10),
('MMP-T14GNN41AP002', 8, 10),
('MMP-T14GNN51AP001', 8, 10),
('MMP-T14GNN52AP001', 8, 10),
('MMP-T14GNN53AP001', 8, 10),
('MMP-T14GNN54AP001', 8, 10),
('MMP-T14GQA31AP001', 8, 10),
('MMP-T14GQA31AP002', 8, 10),
('MMP-T14GQA32AP001', 8, 10),
('MMP-T14GQA32AP002', 8, 10),
('MMP-T14GQA33AP001', 8, 10),
('MMP-T14GQA33AP002', 8, 10),
('MMP-T14GQA34AP001', 8, 10),
('MMP-T14GQA34AP002', 8, 10),
('MMP-T14GQA35AP001', 8, 10),
('MMP-T14GQA35AP002', 8, 10),
('MMP-T14GQA36AP001', 8, 10),
('MMP-T14GQA36AP002', 8, 10),
('MMP-T14HAG15AP001', 8, 10),
('MMP-T14HAG15AP002', 8, 10),
('MMP-T14HAG15AP003', 8, 10),
('MMP-T14HAG25AP001', 8, 10),
('MMP-T14HAN10BR101', 8, 10),
('MMP-T14HAN30BR207', 8, 10),
('MMP-T14HCC02AP001', 8, 10),
('MMP-T14HCC03AP001', 8, 10),
('MMP-T14HCC11AN001', 8, 10),
('MMP-T14HCC12AN001', 8, 10),
('MMP-T14HCC13AN001', 8, 10),
('MMP-T14HCC21AN001', 8, 10),
('MMP-T14HCC22AN001', 8, 10),
('MMP-T14HCC31AN001', 8, 10),
('MMP-T14HCC32AN001', 8, 10),
('MMP-T14HCC41AN001', 8, 10),
('MMP-T14HCC41AP001', 8, 10),
('MMP-T14HCC42AN001', 8, 10),
('MMP-T14HDA03AP001', 8, 10),
('MMP-T14HDA03AP002', 8, 10),
('MMP-T14HDA04AP001', 8, 10),
('MMP-T14HDA51AP001', 8, 10),
('MMP-T14HDA52AP001', 8, 10),
('MMP-T14HDA53AP001', 8, 10),
('MMP-T14HDA61AP001', 8, 10),
('MMP-T14HDA62AP001', 8, 10),
('MMP-T14HDA80AP001', 8, 10),
('MMP-T14HDA80AP002', 8, 10),
('MMP-T14HFV10AP001', 8, 10),
('MMP-T14HFV10AP002', 8, 10),
('MMP-T14HFV20AP001', 8, 10),
('MMP-T14HFV20AP002', 8, 10),
('MMP-T14HFV30AP001', 8, 10),
('MMP-T14HFV30AP002', 8, 10),
('MMP-T14HFV40AP001', 8, 10),
('MMP-T14HFV40AP002', 8, 10),
('MMP-T14HFV50AP001', 8, 10),
('MMP-T14HFV50AP002', 8, 10),
('MMP-T14HFV60AP001', 8, 10),
('MMP-T14HFV60AP002', 8, 10),
('MMP-T14HFV70AP001', 8, 10),
('MMP-T14HFV70AP002', 8, 10),
('MMP-T14HFW10AN001', 8, 10),
('MMP-T14HFW20AN001', 8, 10),
('MMP-T14HHQ03AN001', 8, 10),
('MMP-T14HHQ04AN001', 8, 10),
('MMP-T14HHS10AN001', 8, 10),
('MMP-T14HHS10AN002', 8, 10),
('MMP-T14HHS20AN001', 8, 10),
('MMP-T14HHS20AN002', 8, 10),
('MMP-T14HLB10AN001', 8, 10),
('MMP-T14HLB10AP001', 8, 10),
('MMP-T14HLB10AP002', 8, 10),
('MMP-T14HLB20AN001', 8, 10),
('MMP-T14HLB20AP001', 8, 10),
('MMP-T14HLB20AP002', 8, 10),
('MMP-T14HLB30AN001', 8, 10),
('MMP-T14HLB30AP001', 8, 10),
('MMP-T14HLB30AP002', 8, 10),
('MMP-T14HLB40AN001', 8, 10),
('MMP-T14HLB40AP001', 8, 10),
('MMP-T14HLB40AP002', 8, 10),
('MMP-T14HLD10AP001', 8, 10),
('MMP-T14HLD10AP002', 8, 10),
('MMP-T14HLD10AP003', 8, 10),
('MMP-T14HLD10AP004', 8, 10),
('MMP-T14HLD20AP001', 8, 10),
('MMP-T14HLD20AP002', 8, 10),
('MMP-T14HLD20AP003', 8, 10),
('MMP-T14HLD20AP004', 8, 10),
('MMP-T14HNA12AN001', 8, 10),
('MMP-T14HNA13AN001', 8, 10),
('MMP-T14HNA22AN001', 8, 10),
('MMP-T14HNA23AN001', 8, 10),
('MMP-T14HNA31AN001', 8, 10),
('MMP-T14HNA32AN001', 8, 10),
('MMP-T14HNA41AN001', 8, 10),
('MMP-T14HNA42AN001', 8, 10),
('MMP-T14HNC10AN001', 8, 10),
('MMP-T14HNC10AN002', 8, 10),
('MMP-T14HNC10AN003', 8, 10),
('MMP-T14HNC10AN004', 8, 10),
('MMP-T14HNC10AN005', 8, 10),
('MMP-T14HNC10AP001', 8, 10),
('MMP-T14HNC10AP002', 8, 10),
('MMP-T14HNC20AN001', 8, 10),
('MMP-T14HNC20AN002', 8, 10),
('MMP-T14HNC20AN003', 8, 10),
('MMP-T14HNC20AN004', 8, 10),
('MMP-T14HNC20AN005', 8, 10),
('MMP-T14HNC20AP001', 8, 10),
('MMP-T14HNC20AP002', 8, 10),
('MMP-T14HSG10AN001', 8, 10),
('MMP-T14HSG21AN001', 8, 10),
('MMP-T14HSG22AN001', 8, 10),
('MMP-T14HSJ10AP001', 8, 10),
('MMP-T14HSJ21AP001', 8, 10),
('MMP-T14HSJ22AP001', 8, 10),
('MMP-T14HSL10AP001', 8, 10),
('MMP-T14HTB11AN001', 8, 10),
('MMP-T14HTB12AN001', 8, 10),
('MMP-T14HTB31AN001', 8, 10),
('MMP-T14HTC11AN001', 8, 10),
('MMP-T14HTC11AN002', 8, 10),
('MMP-T14HTC11AN003', 8, 10),
('MMP-T14HTC11AN004', 8, 10),
('MMP-T14HTC11AN005', 8, 10),
('MMP-T14HTC11AN006', 8, 10),
('MMP-T14HTC11AN007', 8, 10),
('MMP-T14HTC11AP001', 8, 10),
('MMP-T14HTC11AP002', 8, 10),
('MMP-T14HTC11AP003', 8, 10),
('MMP-T14HTC12AN001', 8, 10),
('MMP-T14HTC12AN002', 8, 10),
('MMP-T14HTC12AN003', 8, 10),
('MMP-T14HTC12AN004', 8, 10),
('MMP-T14HTC12AN005', 8, 10),
('MMP-T14HTC12AN006', 8, 10),
('MMP-T14HTC12AN007', 8, 10),
('MMP-T14HTC12AP001', 8, 10),
('MMP-T14HTC12AP002', 8, 10),
('MMP-T14HTC12AP003', 8, 10),
('MMP-T14HTD21AP001', 8, 10),
('MMP-T14HTD21AP002', 8, 10),
('MMP-T14HTD21AP003', 8, 10),
('MMP-T14HTD22AP001', 8, 10),
('MMP-T14HTD22AP002', 8, 10),
('MMP-T14HTD22AP003', 8, 10),
('MMP-T14HTD23AP001', 8, 10),
('MMP-T14HTD23AP002', 8, 10),
('MMP-T14HTD23AP003', 8, 10),
('MMP-T14HTD24AP001', 8, 10),
('MMP-T14HTD24AP002', 8, 10),
('MMP-T14HTD24AP003', 8, 10),
('MMP-T14HTD25AP001', 8, 10),
('MMP-T14HTD25AP002', 8, 10),
('MMP-T14HTD25AP003', 8, 10),
('MMP-T14HTD26AP001', 8, 10),
('MMP-T14HTD26AP002', 8, 10),
('MMP-T14HTD26AP003', 8, 10),
('MMP-T14HTF21AP001', 8, 10),
('MMP-T14HTF22AP001', 8, 10),
('MMP-T14HTG11AN001', 8, 10),
('MMP-T14HTG11AN002', 8, 10),
('MMP-T14HTG11AP001', 8, 10),
('MMP-T14HTG11AP002', 8, 10),
('MMP-T14HTG12AN001', 8, 10),
('MMP-T14HTG12AN002', 8, 10),
('MMP-T14HTG12AP001', 8, 10),
('MMP-T14HTG12AP002', 8, 10),
('MMP-T14HTG13AN001', 8, 10),
('MMP-T14HTG13AN002', 8, 10),
('MMP-T14HTG13AP001', 8, 10),
('MMP-T14HTG13AP002', 8, 10),
('MMP-T14HTM11AP001', 8, 10),
('MMP-T14HTM12AP001', 8, 10),
('MMP-T14HTM31AP001', 8, 10),
('MMP-T14HTM32AP001', 8, 10),
('MMP-T14HTM41AP001', 8, 10),
('MMP-T14HTM42AP001', 8, 10),
('MMP-T14HTM51AN001', 8, 10),
('MMP-T14HTM51AP001', 8, 10),
('MMP-T14HTM51AP002', 8, 10),
('MMP-T14HTM52AN001', 8, 10),
('MMP-T14HTM52AP001', 8, 10),
('MMP-T14HTM52AP002', 8, 10),
('MMP-T14HTM61AP001', 8, 10),
('MMP-T14HTM62AP001', 8, 10),
('MMP-T14HTM71AP001', 8, 10),
('MMP-T14HTM72AP001', 8, 10),
('MMP-T14HTM80AP001', 8, 10),
('MMP-T14HTM80AP002', 8, 10),
('MMP-T14HTM81AP001', 8, 10),
('MMP-T14HTM81AP002', 8, 10),
('MMP-T14HTM82AP001', 8, 10),
('MMP-T14HTM82AP002', 8, 10),
('MMP-T14HTM82AP003', 8, 10),
('MMP-T14HTM83AP001', 8, 10),
('MMP-T14HTM83AP002', 8, 10),
('MMP-T14HTM84AP001', 8, 10),
('MMP-T14HTM84AP002', 8, 10),
('MMP-T14HTM85AP001', 8, 10),
('MMP-T14HTM85AP002', 8, 10),
('MMP-T14HTM86AP001', 8, 10),
('MMP-T14HTM86AP002', 8, 10),
('MMP-T14HTM87AP001', 8, 10),
('MMP-T14HTQ21AP001', 8, 10),
('MMP-T14HTQ22AP001', 8, 10),
('MMP-T14HTQ36AP001', 8, 10),
('MMP-T14HTQ36AP002', 8, 10),
('MMP-T14HTQ51AP001', 8, 10),
('MMP-T14HTQ52AP001', 8, 10),
('MMP-T14HTQ54AP001', 8, 10),
('MMP-T14HTT11AP001', 8, 10),
('MMP-T14HTT12AP001', 8, 10),
('MMP-T14HTT21AP001', 8, 10),
('MMP-T14HTT22AP001', 8, 10),
('MMP-T14HTT31AP001', 8, 10),
('MMP-T14HTT32AP001', 8, 10),
('MMP-T14HTW10AN001', 8, 10),
('MMP-T14HTW10AN002', 8, 10),
('MMP-T14HTW20AN001', 8, 10),
('MMP-T14HTW20AN002', 8, 10),
('MMP-T14HTW30AN001', 8, 10),
('MMP-T14HTW30AN002', 8, 10),
('MMP-T14LAC11AP001', 8, 10),
('MMP-T14LAC11AP002', 8, 10),
('MMP-T14LAC12AP001', 8, 10),
('MMP-T14LAC12AP002', 8, 10),
('MMP-T14LAC13AP001', 8, 10),
('MMP-T14LAV13AP001', 8, 10),
('MMP-T14LAV13AP002', 8, 10),
('MMP-T14LAV13AP003', 8, 10),
('MMP-T14LAX13AP001', 8, 10),
('MMP-T14LBF20AP001', 8, 10),
('MMP-T14LBF20AP002', 8, 10),
('MMP-T14LBF20AP003', 8, 10),
('MMP-T14LBF20AP004', 8, 10),
('MMP-T14LCB11AP001', 8, 10),
('MMP-T14LCB12AP001', 8, 10),
('MMP-T14LCJ31AP001', 8, 10),
('MMP-T14LCJ32AP001', 8, 10),
('MMP-T14LCL20AP001', 8, 10),
('MMP-T14LCL40AP001', 8, 10),
('MMP-T14LDJ40AN001', 8, 10),
('MMP-T14LDJ40AP001', 8, 10),
('MMP-T14LDN11AP001', 8, 10),
('MMP-T14LDN12AP001', 8, 10),
('MMP-T14LDN16AP001', 8, 10),
('MMP-T14LDN17AP001', 8, 10),
('MMP-T14LDN21AP001', 8, 10),
('MMP-T14LDN22AP001', 8, 10),
('MMP-T14LDN26AP001', 8, 10),
('MMP-T14LDN27AP001', 8, 10),
('MMP-T14LDN31AP001', 8, 10),
('MMP-T14LDP15AN001', 8, 10),
('MMP-T14LDP15AN002', 8, 10),
('MMP-T14LDP16AN001', 8, 10),
('MMP-T14LDP16AN002', 8, 10),
('MMP-T14LDP17AN001', 8, 10),
('MMP-T14LDP17AN002', 8, 10),
('MMP-T14LDP18AN001', 8, 10),
('MMP-T14LDP18AN002', 8, 10),
('MMP-T14LDP51AP001', 8, 10),
('MMP-T14LDP52AP001', 8, 10),
('MMP-T14LDR21AP001', 8, 10),
('MMP-T14LDR22AP001', 8, 10),
('MMP-T14LDR23AP001', 8, 10),
('MMP-T14LDR24AP001', 8, 10),
('MMP-T14LDR31AP001', 8, 10),
('MMP-T14LDR32AP001', 8, 10),
('MMP-T14LFN20AP001', 8, 10),
('MMP-T14LFN20AP002', 8, 10),
('MMP-T14LFN20AP003', 8, 10),
('MMP-T14LFN50AP001', 8, 10),
('MMP-T14LFN50AP002', 8, 10),
('MMP-T14LFN50AP003', 8, 10),
('MMP-T14MAJ11AP001', 8, 10),
('MMP-T14MAJ12AP001', 8, 10),
('MMP-T14MAJ13AP001', 8, 10),
('MMP-T14MAK90AN001', 8, 10),
('MMP-T14MAN10AP001', 8, 10),
('MMP-T14MAN10AP002', 8, 10),
('MMP-T14MAN10AP003', 8, 10),
('MMP-T14MAN10AP004', 8, 10),
('MMP-T14MAV02AN001', 8, 10),
('MMP-T14MAV02AN002', 8, 10),
('MMP-T14MAV21AP011', 8, 10),
('MMP-T14MAV21AP021', 8, 10),
('MMP-T14MAV21AP031', 8, 10),
('MMP-T14MAV50AP001', 8, 10),
('MMP-T14MAV50AP002', 8, 10),
('MMP-T14MAV92AP001', 8, 10),
('MMP-T14MAW30AN001', 8, 10),
('MMP-T14MAW30AN002', 8, 10),
('MMP-T14MAX11AP001', 8, 10),
('MMP-T14MAX11AP002', 8, 10),
('MMP-T14MAX11AP011', 8, 10),
('MMP-T14MAX11AP012', 8, 10),
('MMP-T14MAX11AP021', 8, 10),
('MMP-T14MAX11AP022', 8, 10),
('MMP-T14MAX11AP031', 8, 10),
('MMP-T14MAX11AP032', 8, 10),
('MMP-T14MAX96AP001', 8, 10),
('MMP-T14MKA13AN120', 8, 10),
('MMP-T14MKB43AN100', 8, 10),
('MMP-T14MKF31AP001', 8, 10),
('MMP-T14MKF32AP001', 8, 10),
('MMP-T14MKG54AN001', 8, 10),
('MMP-T14MKG62AP001', 8, 10),
('MMP-T14MKG62AP002', 8, 10),
('MMP-T14MKG75AN001', 8, 10),
('MMP-T14MKQ11AN001', 8, 10),
('MMP-T14MKQ11AP001', 8, 10),
('MMP-T14MKQ21AN001', 8, 10),
('MMP-T14MKQ22AN001', 8, 10),
('MMP-T14MKW21AP001', 8, 10),
('MMP-T14MKW22AP001', 8, 10),
('MMP-T14MKW23AP001', 8, 10),
('MMP-T14MKW36AP001', 8, 10),
('MMP-T14MKW42AP001', 8, 10),
('MMP-T14MKW46AP001', 8, 10),
('MMP-T14PAC11AP001', 8, 10),
('MMP-T14PAC12AP001', 8, 10),
('MMP-T14PAC13AP001', 8, 10),
('MMP-T14PAC41AP001', 8, 10),
('MMP-T14PAC42AP001', 8, 10),
('MMP-T14PAD11AN001', 8, 10),
('MMP-T14PAD12AN001', 8, 10),
('MMP-T14PAD13AN001', 8, 10),
('MMP-T14PAD14AN001', 8, 10),
('MMP-T14PAD15AN001', 8, 10),
('MMP-T14PAD16AN001', 8, 10),
('MMP-T14PAD17AN001', 8, 10),
('MMP-T14PAD18AN001', 8, 10),
('MMP-T14PAD21AN001', 8, 10),
('MMP-T14PAD22AN001', 8, 10),
('MMP-T14PAD23AN001', 8, 10),
('MMP-T14PAD24AN001', 8, 10),
('MMP-T14PAD25AN001', 8, 10),
('MMP-T14PAD26AN001', 8, 10),
('MMP-T14PAD27AN001', 8, 10),
('MMP-T14PAD28AN001', 8, 10),
('MMP-T14PAH31AP001', 8, 10),
('MMP-T14PAH32AP001', 8, 10),
('MMP-T14PAR21AP001', 8, 10),
('MMP-T14PAR22AP001', 8, 10),
('MMP-T14PBB21AP001', 8, 10),
('MMP-T14PBQ61AP001', 8, 10),
('MMP-T14PBQ62AP001', 8, 10),
('MMP-T14PCH40AP001', 8, 10),
('MMP-T14PGA91AP001', 8, 10),
('MMP-T14PGA91AP002', 8, 10),
('MMP-T14PGC01AP001', 8, 10),
('MMP-T14PGC02AP001', 8, 10),
('MMP-T14QEA08AN000', 8, 10),
('MMP-T14QEA08AN001', 8, 10),
('MMP-T14QEA08AN002', 8, 10),
('MMP-T14QEA08AN003', 8, 10),
('MMP-T14QEA11AN001', 8, 10),
('MMP-T14QEA12AN001', 8, 10),
('MMP-T14QEA13AN001', 8, 10),
('MMP-T14QEA41AN001', 8, 10),
('MMP-T14QEA42AN001', 8, 10),
('MMP-T14QEA43AN001', 8, 10),
('MMP-T14QEA71AN001', 8, 10),
('MMP-T14QEA72AN001', 8, 10),
('MMP-T14QEA73AN001', 8, 10),
('MMP-T14QKB30AN001', 8, 10),
('MMP-T14QKB30AN002', 8, 10),
('MMP-T14QKB30AN003', 8, 10),
('MMP-T14QKB30AN004', 8, 10),
('MMP-T14QKB30AN005', 8, 10),
('MMP-T14QKB30AN006', 8, 10),
('MMP-T14QKB30AN007', 8, 10),
('MMP-T14QKB30AN008', 8, 10),
('MMP-T14QKB30AN009', 8, 10),
('MMP-T14QKB30AN010', 8, 10),
('MMP-T14QKB30AN011', 8, 10),
('MMP-T14QKB30AN012', 8, 10),
('MMP-T14QKB30AN013', 8, 10),
('MMP-T14QKB30AN014', 8, 10),
('MMP-T14QKB30AN015', 8, 10),
('MMP-T14QKB30AN016', 8, 10),
('MMP-T14QKB30AN017', 8, 10),
('MMP-T14QKB30AN018', 8, 10),
('MMP-T14QKB30AN019', 8, 10),
('MMP-T14QKB30AN020', 8, 10),
('MMP-T14QKB30AN021', 8, 10),
('MMP-T14QKB30AN022', 8, 10),
('MMP-T14QKB30AN023', 8, 10),
('MMP-T14QKB30AN024', 8, 10),
('MMP-T14QKB30AN025', 8, 10),
('MMP-T14QKB30AN026', 8, 10),
('MMP-T14QKB30AN027', 8, 10),
('MMP-T14QKB30AN028', 8, 10),
('MMP-T14QKB30AN029', 8, 10),
('MMP-T14QKB30AN030', 8, 10),
('MMP-T14QKB30AN031', 8, 10),
('MMP-T14QKB30AN032', 8, 10),
('MMP-T14QKB30AN033', 8, 10),
('MMP-T14QKB30AN034', 8, 10),
('MMP-T14QKB30AN035', 8, 10),
('MMP-T14QKB30AN036', 8, 10),
('MMP-T14QKB30AN037', 8, 10),
('MMP-T14QKB35AN001', 8, 10),
('MMP-T14QKB35AN002', 8, 10),
('MMP-T14QKB35AN003', 8, 10),
('MMP-T14QKB35AN004', 8, 10),
('MMP-T14QKB35AN005', 8, 10),
('MMP-T14QKB35AN006', 8, 10),
('MMP-T14QKB35AP001', 8, 10),
('MMP-T14QKB35AP002', 8, 10),
('MMP-T14QKC30AP001', 8, 10),
('MMP-T14QKC30AP002', 8, 10),
('MMP-T14QKC30AP003', 8, 10),
('MMP-T14QSD10AP102', 8, 10),
('MMP-T14QSD10AP103', 8, 10),
('MMP-T14SAC01AN001', 8, 10),
('MMP-T14SAC01AN002', 8, 10),
('MMP-T14SAC01AN003', 8, 10),
('MMP-T14SAC04AN001', 8, 10),
('MMP-T14SAC04AN002', 8, 10),
('MMP-T14SAC06AN001', 8, 10),
('MMP-T14SAC06AN002', 8, 10),
('MMP-T14SAC06AN003', 8, 10),
('MMP-T14SAE08AN001', 8, 10),
('MMP-T14SAE08AN002', 8, 10),
('MMP-T14SAE08AN003', 8, 10),
('MMP-T14SAE08AN004', 8, 10),
('MMP-T14SAF04AN001', 8, 10),
('MMP-T14SAF04AN002', 8, 10),
('MMP-T14SAF04AN003', 8, 10),
('MMP-T14SAF04AN004', 8, 10),
('MMP-T14SAF04AN005', 8, 10),
('MMP-T14SAF04AN006', 8, 10),
('MMP-T14SAF04AN007', 8, 10),
('MMP-T14SAF07AN001', 8, 10),
('MMP-T14SAF07AN002', 8, 10),
('MMP-T14SAF07AN003', 8, 10),
('MMP-T14SAF07AN004', 8, 10),
('MMP-T14SAF07AN005', 8, 10),
('MMP-T14SAF07AN006', 8, 10),
('MMP-T14SAF07AN007', 8, 10),
('MMP-T14SAF07AN008', 8, 10),
('MMP-T14SAF07AN009', 8, 10),
('MMP-T14SAF07AN010', 8, 10),
('MMP-T14SAF07AN011', 8, 10),
('MMP-T14SAF07AN012', 8, 10),
('MMP-T14SAF07AN013', 8, 10),
('MMP-T14SAF07AN014', 8, 10),
('MMP-T14SAF07AN015', 8, 10),
('MMP-T14SAF07AN016', 8, 10),
('MMP-T14SAF07AN017', 8, 10),
('MMP-T14SAF07AN018', 8, 10),
('MMP-T14SAF07AN019', 8, 10),
('MMP-T14SAF07AN020', 8, 10),
('MMP-T14SAF07AN021', 8, 10),
('MMP-T14SAF07AN022', 8, 10),
('MMP-T14SAF07AN023', 8, 10),
('MMP-T14SAF07AN024', 8, 10),
('MMP-T14SAF07AN025', 8, 10),
('MMP-T14SAF07AN026', 8, 10),
('MMP-T14SAF07AN027', 8, 10),
('MMP-T14SAF07AN028', 8, 10),
('MMP-T14SAF07AN029', 8, 10),
('MMP-T14SAF07AN030', 8, 10),
('MMP-T14SAF07AN031', 8, 10),
('MMP-T14SAF07AN032', 8, 10),
('MMP-T14SAF07AN033', 8, 10),
('MMP-T14SAF07AN034', 8, 10),
('MMP-T14SAF07AN035', 8, 10),
('MMP-T14SAF07AN036', 8, 10),
('MMP-T14SAF07AN037', 8, 10),
('MMP-T14SAF07AN038', 8, 10),
('MMP-T14SAF07AN039', 8, 10),
('MMP-T14SAF07AP001', 8, 10),
('MMP-T14SAF07AP002', 8, 10),
('MMP-T14SAG05AN001', 8, 10),
('MMP-T14SAG05AN002', 8, 10),
('MMP-T14SAG05AN003', 8, 10),
('MMP-T14SAG05AN004', 8, 10),
('MMP-T14SAG05AN005', 8, 10),
('MMP-T14SAG05AN006', 8, 10),
('MMP-T14SAG05AN007', 8, 10),
('MMP-T14SAG05AN008', 8, 10),
('MMP-T14SAG05AN009', 8, 10),
('MMP-T14SAG05AN010', 8, 10),
('MMP-T14SAG05AN011', 8, 10),
('MMP-T14SAG05AN012', 8, 10),
('MMP-T14SAG05AN013', 8, 10),
('MMP-T14SAG05AN014', 8, 10),
('MMP-T14SAG05AN015', 8, 10),
('MMP-T14SAG05AN016', 8, 10),
('MMP-T14SAH10AN001', 8, 10),
('MMP-T14SAH10AN002', 8, 10),
('MMP-T14SAH10AN003', 8, 10),
('MMP-T14SAH10AN004', 8, 10),
('MMP-T14SAM40AN001', 8, 10),
('MMP-T14SAM40AN002', 8, 10),
('MMP-T14SAM63AN001', 8, 10),
('MMP-T14SAM63AN002', 8, 10),
('MMP-T14SAM63AN003', 8, 10),
('MMP-T14SAM63AN004', 8, 10),
('MMP-T14SAM63AN005', 8, 10),
('MMP-T14SAM63AN006', 8, 10),
('MMP-T14SAM63AN007', 8, 10),
('MMP-T14SAM63AN008', 8, 10),
('MMP-T14SAM63AN009', 8, 10),
('MMP-T14SAM63AN010', 8, 10),
('MMP-T14SAM63AN011', 8, 10),
('MMP-T14SAM63AN012', 8, 10),
('MMP-T14SAM63AN013', 8, 10),
('MMP-T14SAM63AN014', 8, 10),
('MMP-T14SAM63AN015', 8, 10),
('MMP-T14SAM63AN016', 8, 10),
('MMP-T14SAM63AN017', 8, 10),
('MMP-T14SAM63AN018', 8, 10),
('MMP-T14SAM63AN019', 8, 10),
('MMP-T14SAM63AN020', 8, 10),
('MMP-T14SAM63AN021', 8, 10),
('MMP-T14SAM63AN022', 8, 10),
('MMP-T14SAM63AN023', 8, 10),
('MMP-T14SAM63AN024', 8, 10),
('MMP-T14SAM63AN025', 8, 10),
('MMP-T14SAM63AN026', 8, 10),
('MMP-T14SAM63AN027', 8, 10),
('MMP-T14SAM63AN028', 8, 10),
('MMP-T14SAM63AN029', 8, 10),
('MMP-T14SAM63AN030', 8, 10),
('MMP-T14SAM63AN031', 8, 10),
('MMP-T14SAM63AN032', 8, 10),
('MMP-T14SAM63AN033', 8, 10),
('MMP-T14SAM95AN001', 8, 10),
('MMP-T14SAQ42AN001', 8, 10),
('MMP-T14SAQ42AN002', 8, 10),
('MMP-T14SAQ42AN003', 8, 10),
('MMP-T14SAQ42AN004', 8, 10),
('MMP-T14SAQ42AN005', 8, 10),
('MMP-T14SAQ42AN006', 8, 10),
('MMP-T14SAR06AN001', 8, 10),
('MMP-T14SAR06AN002', 8, 10),
('MMP-T14SAR06AN003', 8, 10),
('MMP-T14SAR06AN004', 8, 10),
('MMP-T14SAR07AN011', 8, 10),
('MMP-T14SAR07AN012', 8, 10),
('MMP-T14SAT08AN001', 8, 10),
('MMP-T14SAT08AN002', 8, 10),
('MMP-T14SAT08AN003', 8, 10),
('MMP-T14SAT08AN004', 8, 10),
('MMP-T14SAT20AN001', 8, 10),
('MMP-T14SAT20AN002', 8, 10),
('MMP-T14SAT20AN003', 8, 10),
('MMP-T14SAT20AN004', 8, 10),
('MMP-T14SAT89AN001', 8, 10),
('MMP-T14SAT89AN002', 8, 10),
('MMP-T14SAT89AN003', 8, 10),
('MMP-T14SAT89AN004', 8, 10),
('MMP-T14SAT89AN005', 8, 10),
('MMP-T14SAT89AN006', 8, 10),
('MMP-T14SAU04AN001', 8, 10),
('MMP-T14SAU04AN002', 8, 10),
('MMP-T14SAU04AN003', 8, 10),
('MMP-T14SAU60AN001', 8, 10),
('MMP-T14SAU60AN002', 8, 10),
('MMP-T14SGA10AP001', 8, 10),
('MMP-T14SGA11AP001', 8, 10),
('MMP-T14SGA12AP001', 8, 10),
('MMP-T14SGA78AP001', 8, 10),
('MMP-T14SGA78AP002', 8, 10),
('MMP-T14SGA78AP003', 8, 10),
('MMP-T14UCB01AN001', 8, 10),
('MMP-T14UCB01AN002', 8, 10),
('MMP-T14UCB01AN003', 8, 10),
('MMP-T14UCB01AN004', 8, 10),
('MMP-T14UCB01AN005', 8, 10),
('MMP-T14UCB01AN006', 8, 10),
('MMP-T14UCB01AN007', 8, 10),
('MMP-T14UCB01AN008', 8, 10),
('MMP-T14UCB01AN009', 8, 10),
('MMP-T14UCB01AN010', 8, 10),
('MMP-T14UCB01AN011', 8, 10),
('MMP-T14UCB01AN012', 8, 10),
('MMP-T14XAV02AN001', 8, 10),
('MMP-T14XAV02AN002', 8, 10),
('MMP-T14XAV21AP021', 8, 10),
('MMP-T14XAV21AP022', 8, 10),
('MMP-T14XAV21AP031', 8, 10),
('MMP-T14XAV50AP001', 8, 10),
('MMP-T14XAV50AP002', 8, 10),
('MMP-T14XAV92AP001', 8, 10),
('MMP-T14XAX11AP001', 8, 10),
('MMP-T14XAX11AP002', 8, 10),
('MMP-T14XAX11AP011', 8, 10),
('MMP-T14XAX11AP012', 8, 10),
('MMP-T14XAX11AP021', 8, 10),
('MMP-T14XAX11AP022', 8, 10),
('MMP-T14XAX96AP001', 8, 10),
('MMP-T14XKA03AP001', 8, 10),
('MMP-T14XKA10AN102', 8, 10),
('MMP-T14XKA10AN103', 8, 10),
('MMP-T14XKA10AN201', 8, 10),
('MMP-T14XKA10AN202', 8, 10),
('MMP-T14XKA10AN401', 8, 10),
('MMP-T14XKA10AN402', 8, 10),
('MMP-T14XKA10AN403', 8, 10),
('MMP-T14XKA10AN404', 8, 10),
('MMP-T14XKA10AN501', 8, 10),
('MMP-T14XKA10AN502', 8, 10),
('MMP-T14XKA10AN503', 8, 10),
('MMP-T14XKA10AN504', 8, 10),
('MMP-T14XKA10AN601', 8, 10),
('MMP-T14XKA10AN602', 8, 10),
('MMP-T14XKA10AN603', 8, 10),
('MMP-T14XKA10AN604', 8, 10),
('MMP-T14XKA10AP001', 8, 10),
('MMP-T14XKA10AP203', 8, 10),
('MMP-T14XKA31AN001', 8, 10),
('MMP-T14XKA31AN002', 8, 10),
('MMP-T14XKA32AN001', 8, 10),
('MMP-T14XKF11AP001', 8, 10),
('MMP-T14YAV02AN001', 8, 10),
('MMP-T14YAV02AN002', 8, 10),
('MMP-T14YAV21AP021', 8, 10),
('MMP-T14YAV21AP022', 8, 10),
('MMP-T14YAV21AP031', 8, 10),
('MMP-T14YAV50AP001', 8, 10),
('MMP-T14YAV50AP002', 8, 10),
('MMP-T14YAV92AP001', 8, 10),
('MMP-T14YAX11AP001', 8, 10),
('MMP-T14YAX11AP002', 8, 10),
('MMP-T14YAX11AP011', 8, 10),
('MMP-T14YAX11AP012', 8, 10),
('MMP-T14YAX11AP021', 8, 10),
('MMP-T14YAX11AP022', 8, 10),
('MMP-T14YAX96AP001', 8, 10),
('MMP-T14ZAA01AN001', 8, 10),
('MMP-T45HTJ06AN001', 8, 10),
('MMP-T45HTK13AP001', 8, 10),
('MMP-T45HTK15AP001', 8, 10),
('MMP-T45HTK31AP010', 8, 10),
('MMP-T45HTK31AP011', 8, 10),
('MMP-T45HTK35AP001', 8, 10),
('MMP-T45HTK37AP001', 8, 10),
('MMP-T47HTQ01AP001', 8, 10),
('MMP-T47HTQ03AP001', 8, 10),
('MMP-T47HTQ11AP001', 8, 10),
('MMP-T47HTQ13AP001', 8, 10),
('MMP-T47HTQ15AP001', 8, 10),
('MMP-T47HTQ17AP001', 8, 10),
('MMP-T47HTQ21AP001', 8, 10),
('MMP-T47HTQ23AP001', 8, 10),
('MMP-T47HTT31AP001', 8, 10),
('MMP-T47HTT32AP001', 8, 10),
('MMP-T47PGF01AP001', 8, 10),
('MMP-T47PGF04AP001', 8, 10),
('MMP-T47PGF07AP001', 8, 10),
('MMP-T47PGF15AP001', 8, 10),
('MMP-T47PGF17AP001', 8, 10),
('MMP-T47PGF22AN001', 8, 10),
('MMP-T47PGF22AN002', 8, 10),
('MMP-T47PGF22AN003', 8, 10),
('MMP-T47SCF31AN001', 8, 10),
('MMP-T47SCF31AP001', 8, 10),
('MMP-T47SCF41AN001', 8, 10),
('MMP-T47SCF41AP001', 8, 10),
('MMP-T67HTJ06AN001', 8, 10),
('MMP-T67HTK13AP001', 8, 10),
('MMP-T67HTK15AP001', 8, 10),
('MMP-T67HTK31AP010', 8, 10),
('MMP-T67HTK31AP011', 8, 10),
('MMP-T67HTK35AP001', 8, 10),
('MMP-T67HTK37AP001', 8, 10);

